iata_code,name,municipality,iso_country,scheduled_service
AAC,El Arish International Airport,El Arish,EG,yes
AAE,Annaba Rabah Bitat Airport,Annaba,DZ,yes
AAL,Aalborg Airport,Aalborg,DK,yes
AAN,Al Ain International Airport,Al Ain,AE,yes
AAR,Aarhus Airport,Aarhus,DK,yes
ABA,Abakan International Airport,Abakan,RU,yes
ABB,Asaba International Airport,Asaba,NG,yes
ABD,Abadan Ayatollah Jami International Airport,Abadan,IR,yes
ABE,Lehigh Valley International Airport,Allentown/Bethlehem,US,yes
ABI,Abilene Regional Airport,Abilene,US,yes
ABJ,Félix-Houphouët-Boigny International Airport,Abidjan,CI,yes
ABL,Ambler Airport,Ambler,US,yes
ABQ,Albuquerque International Sunport,Albuquerque,US,yes
ABR,Aberdeen Regional Airport,Aberdeen,US,yes
ABS,Abu Simbel Airport,Abu Simbel,EG,yes
ABV,Nnamdi Azikiwe International Airport,Abuja,NG,yes
ABY,Southwest Georgia Regional Airport,Albany,US,yes
ABZ,Aberdeen International Airport,Aberdeen,GB,yes
ACA,General Juan N. Álvarez International Airport,Acapulco,MX,yes
ACC,Kotoka International Airport,Accra,GH,yes
ACE,César Manrique-Lanzarote Airport,San Bartolomé,ES,yes
ACK,Nantucket Memorial Airport,Nantucket,US,yes
ACT,Waco Regional Airport,Waco,US,yes
ACV,California Redwood Coast-Humboldt County Airport,Arcata/Eureka,US,yes
ACY,Atlantic City International Airport,Atlantic City,US,yes
ADA,Adana Şakirpaşa Airport,Seyhan,TR,yes
ADB,Adnan Menderes International Airport,Gaziemir,TR,yes
ADD,Addis Ababa Bole International Airport,Addis Ababa,ET,yes
ADE,Aden International Airport,Aden,YE,yes
ADJ,Marka International (Amman Civil) Airport,Amman,JO,yes
ADK,Adak Airport,Adak,US,yes
ADL,Adelaide International Airport,Adelaide,AU,yes
ADQ,Kodiak Airport,Kodiak,US,yes
ADZ,Gustavo Rojas Pinilla International Airport,San Andrés,CO,yes
AEP,Aeroparque Jorge Newbery,Buenos Aires,AR,yes
AER,Sochi International Airport,Sochi,RU,yes
AES,Ålesund Airport,Ålesund,NO,yes
AEX,Alexandria International Airport,Alexandria,US,yes
AEY,Akureyri International Airport,Akureyri,IS,yes
AGA,Al Massira Airport,Agadir (Temsia),MA,yes
AGP,Málaga-Costa del Sol Airport,Málaga,ES,yes
AGS,Augusta Regional At Bush Field,Augusta,US,yes
AGT,Guaraní International Airport,Ciudad del Este,PY,yes
AGU,Aguascalientes International Airport,Aguascalientes,MX,yes
AHB,Abha International Airport,Abha,SA,yes
AIA,Alliance Municipal Airport,Alliance,US,yes
AIN,Wainwright Airport,Wainwright,US,yes
AJF,Al-Jawf International Airport,Al-Jawf,SA,yes
AKL,Auckland International Airport,Auckland,NZ,yes
AKN,King Salmon Airport,King Salmon,US,yes
AKP,Anaktuvuk Pass Airport,Anaktuvuk Pass,US,yes
AKX,Aktobe International Airport,Aktobe,KZ,yes
ALA,Almaty International Airport,Almaty,KZ,yes
ALB,Albany International Airport,Albany,US,yes
ALC,Alicante-Elche Miguel Hernández Airport,Alicante,ES,yes
ALG,Houari Boumediene Airport,Algiers,DZ,yes
ALO,Waterloo Regional Airport,Waterloo,US,yes
ALP,Aleppo International Airport,Aleppo,SY,yes
ALS,San Luis Valley Regional Airport/Bergman Field,Alamosa,US,yes
ALW,Walla Walla Regional Airport,Walla Walla,US,yes
AMA,Rick Husband Amarillo International Airport,Amarillo,US,yes
AMD,Sardar Vallabh Patel International Airport,Ahmedabad,IN,yes
AMM,Queen Alia International Airport,Amman,JO,yes
AMQ,Pattimura International Airport,Ambon,ID,yes
AMS,Amsterdam Airport Schiphol,Amsterdam,NL,yes
ANC,Ted Stevens Anchorage International Airport,Anchorage,US,yes
ANF,Andrés Sabella Gálvez International Airport,Antofagasta,CL,yes
ANI,Aniak Airport,Aniak,US,yes
ANU,V. C. Bird International Airport,Osbourn,AG,yes
ANV,Anvik Airport,Anvik,US,yes
AOE,Hasan Polatkan Airport,Eskişehir,TR,yes
AOJ,Aomori Airport,Aomori,JP,yes
AOO,Altoona Blair County Airport,Altoona,US,yes
APL,Nampula Airport,Nampula,MZ,yes
APN,Alpena County Regional Airport,Alpena,US,yes
APO,Antonio Roldán Betancur Airport,Carepa,CO,yes
APW,Faleolo International Airport,Apia,WS,yes
AQJ,King Hussein International Airport,Aqaba,JO,yes
AQP,Rodríguez Ballón International Airport,Arequipa,PE,yes
ARC,Arctic Village Airport,Arctic Village,US,yes
ARN,Stockholm-Arlanda Airport,Stockholm,SE,yes
ART,Watertown International Airport,Watertown,US,yes
ASA,Assab International Airport,Assab,ER,yes
ASB,Ashgabat International Airport,Ashgabat,TM,yes
ASE,Aspen-Pitkin County Airport (Sardy Field),Aspen,US,yes
ASF,Astrakhan Narimanovo Boris M. Kustodiev International Airport,Astrakhan,RU,yes
ASM,Asmara International Airport,Asmara,ER,yes
ASR,Kayseri Erkilet International Airport,Kayseri,TR,yes
ASU,Silvio Pettirossi International Airport,Asunción,PY,yes
ASW,Aswan International Airport,Aswan,EG,yes
ATH,Athens Eleftherios Venizelos International Airport,Spata-Artemida,GR,yes
ATK,Atqasuk Edward Burnell Sr Memorial Airport,Atqasuk,US,yes
ATL,Hartsfield Jackson Atlanta International Airport,Atlanta,US,yes
ATQ,Sri Guru Ram Das Ji International Airport,Amritsar,IN,yes
ATR,Atar International Airport,Atar,MR,yes
ATW,Appleton International Airport,Appleton,US,yes
ATY,Watertown Regional Airport,Watertown,US,yes
ATZ,Asyut International Airport,Asyut,EG,yes
AUA,Queen Beatrix International Airport,Oranjestad,AW,yes
AUC,Santiago Perez Airport,Arauca,CO,yes
AUG,Augusta State Airport,Augusta,US,yes
AUH,Zayed International Airport,Abu Dhabi,AE,yes
AUS,Austin Bergstrom International Airport,Austin,US,yes
AVL,Asheville Regional Airport,Asheville,US,yes
AVP,Wilkes-Barre/Scranton International Airport,Wilkes-Barre/Scranton,US,yes
AVV,Melbourne Avalon International Airport,Geelong/Melbourne,AU,yes
AWA,Hawassa International Airport,Hawassa,ET,yes
AWZ,Qasem Soleimani International Airport,Ahvaz,IR,yes
AXM,El Eden Airport,Armenia,CO,yes
AYT,Antalya International Airport,Antalya,TR,yes
AZA,Mesa Gateway Airport,Mesa,US,yes
AZN,Andijan International Airport,Andijan,UZ,yes
AZO,Kalamazoo/Battle Creek International Airport,Kalamazoo,US,yes
AZS,Samaná El Catey International Airport,Samana,DO,yes
BAH,Bahrain International Airport,Manama,BH,yes
BAQ,Ernesto Cortissoz International Airport,Barranquilla,CO,yes
BAV,Baotou Donghe International Airport,Baotou,CN,yes
BAX,Barnaul Gherman Titov International Airport,Barnaul,RU,yes
BBI,Biju Patnaik International Airport,Bhubaneswar,IN,yes
BBK,Kasane International Airport,Kasane,BW,yes
BBU,Bucharest Băneasa Aurel Vlaicu International Airport,Bucharest,RO,yes
BCD,Bacolod-Silay International Airport,Bacolod City,PH,yes
BCM,Bacău George Enescu International  Airport,Bacău,RO,yes
BCN,Josep Tarradellas Barcelona-El Prat Airport,Barcelona,ES,yes
BCU,Sir Abubakar Tafawa Balewa Bauchi State International Airport,Bauchi,NG,yes
BDA,L.F. Wade International Airport,Hamilton,BM,yes
BDJ,Syamsudin Noor International Airport,Banjarbaru,ID,yes
BDL,Bradley International Airport,Hartford,US,yes
BDQ,Vadodara International Airport,Vadodara,IN,yes
BDS,Brindisi Airport,Brindisi,IT,yes
BEB,Benbecula Airport,Balivanich,GB,yes
BED,Laurence G Hanscom Field,Bedford,US,yes
BEG,Belgrade Nikola Tesla Airport,Belgrade,RS,yes
BEL,Val de Cans/Júlio Cezar Ribeiro International Airport,Belém,BR,yes
BEM,Beni Mellal Airport,Oulad Yaich,MA,yes
BEN,Benina International Airport,Benina,LY,yes
BER,Berlin Brandenburg Airport,Berlin,DE,yes
BES,Brest Bretagne airport,Brest,FR,yes
BET,Bethel Airport,Bethel,US,yes
BEW,Beira International Airport,Beira,MZ,yes
BEY,Beirut Rafic Hariri International Airport,Beirut,LB,yes
BFD,Bradford Regional Airport,Bradford,US,yes
BFF,Western Neb. Rgnl/William B. Heilig Airport,Scottsbluff,US,yes
BFI,King County International Airport - Boeing Field,Seattle,US,yes
BFL,Meadows Field,Bakersfield,US,yes
BFN,Bram Fischer International Airport,Bloemfontein,ZA,yes
BFS,Belfast International Airport,Belfast,GB,yes
BGA,Palonegro Airport,Bucaramanga,CO,yes
BGF,Bangui M'Poko International Airport,Bangui,CF,yes
BGI,Grantley Adams International Airport,Bridgetown,BB,yes
BGM,Greater Binghamton/Edwin A Link field,Binghamton,US,yes
BGO,"Bergen Airport, Flesland",Bergen,NO,yes
BGR,Bangor International Airport,Bangor,US,yes
BGW,Baghdad International Airport / New Al Muthana Air Base,Baghdad,IQ,yes
BGY,Il Caravaggio International Airport,Orio al Serio (BG),IT,yes
BHB,Hancock County-Bar Harbor Airport,Bar Harbor,US,yes
BHD,George Best Belfast City Airport,Belfast,GB,yes
BHK,Bukhara International Airport,Bukhara,UZ,yes
BHM,Birmingham-Shuttlesworth International Airport,Birmingham,US,yes
BHO,Raja Bhoj International Airport,Bhopal,IN,yes
BHX,Birmingham Airport,"Birmingham, West Midlands",GB,yes
BIA,Bastia-Poretta International airport,Bastia,FR,yes
BIH,Eastern Sierra Regional Airport,Bishop,US,yes
BIL,Billings Logan International Airport,Billings,US,yes
BIO,Bilbao Airport,Bilbao,ES,yes
BIS,Bismarck Municipal Airport,Bismarck,US,yes
BJA,Soummam–Abane Ramdane Airport,Béjaïa,DZ,yes
BJC,Rocky Mountain Metropolitan Airport,Denver,US,yes
BJL,Banjul International Airport,Yundum,GM,yes
BJM,Bujumbura Melchior Ndadaye International Airport,Bujumbura,BI,yes
BJV,Milas Bodrum International Airport,Bodrum,TR,yes
BJX,Guanajuato International Airport,Silao,MX,yes
BJZ,Badajoz Airport,Badajoz,ES,yes
BKG,Branson Airport,Branson,US,yes
BKI,Kota Kinabalu International Airport,Kota Kinabalu,MY,yes
BKK,Suvarnabhumi Airport,Bangkok,TH,yes
BKO,Modibo Keita International Airport,Bamako,ML,yes
BKW,Raleigh County Memorial Airport,Beaver,US,yes
BLA,General José Antonio Anzoategui International Airport,Barcelona,VE,yes
BLD,Boulder City Municipal Airport,Boulder City,US,yes
BLI,Bellingham International Airport,Bellingham,US,yes
BLJ,Batna Mostefa Ben Boulaid Airport,Batna,DZ,yes
BLL,Billund Airport,Billund,DK,yes
BLQ,Bologna Guglielmo Marconi Airport,Bologna,IT,yes
BLR,Kempegowda International Airport Bengaluru,Bengaluru,IN,yes
BLV,Scott AFB/Midamerica Airport,Belleville,US,yes
BLZ,Chileka International Airport,Blantyre,MW,yes
BME,Broome International Airport,Broome,AU,yes
BMI,Central Illinois Regional Airport at Bloomington-Normal,Bloomington/Normal,US,yes
BNA,Nashville International Airport,Nashville,US,yes
BND,Bandar Abbas International Airport,Bandar Abbas,IR,yes
BNE,Brisbane International Airport,Brisbane,AU,yes
BNX,Banja Luka International Airport,Mahovljani,BA,yes
BOD,Bordeaux–Mérignac Airport,Bordeaux,FR,yes
BOG,El Dorado International Airport,Bogota,CO,yes
BOH,Bournemouth Airport,Bournemouth,GB,yes
BOI,Boise Air Terminal/Gowen Field,Boise,US,yes
BOJ,Burgas Airport,Burgas,BG,yes
BOM,Chhatrapati Shivaji Maharaj International Airport,Mumbai,IN,yes
BON,Flamingo International Airport,Kralendijk,BQ,yes
BOO,Bodø Airport,Bodø,NO,yes
BOS,Boston Logan International Airport,Boston,US,yes
BOY,Bobo Dioulasso Airport,Bobo Dioulasso,BF,yes
BPN,Sultan Aji Muhammad Sulaiman Sepinggan International Airport,Balikpapan,ID,yes
BPS,Porto Seguro International Airport,Porto Seguro,BR,yes
BPT,Jack Brooks Regional Airport,Beaumont/Port Arthur,US,yes
BQK,Brunswick Golden Isles Airport,Brunswick,US,yes
BQN,Rafael Hernández International Airport,Aguadilla,PR,yes
BQT,Brest International Airport,Brest,BY,yes
BRC,Teniente Luis Candelaria International Airport,San Carlos de Bariloche,AR,yes
BRD,Brainerd Lakes Regional Airport,Brainerd,US,yes
BRE,Bremen Airport,Bremen,DE,yes
BRI,Bari Karol Wojtyła International Airport,Bari,IT,yes
BRL,Southeast Iowa Regional Airport,Burlington,US,yes
BRM,Jacinto Lara International Airport,Barquisimeto,VE,yes
BRO,Brownsville South Padre Island International Airport,Brownsville,US,yes
BRR,Barra Airport,Eoligarry,GB,yes
BRS,Bristol Airport,Bristol,GB,yes
BRU,Brussels Airport,Zaventem,BE,yes
BRW,Wiley Post Will Rogers Memorial Airport,Utqiaġvik,US,yes
BRX,Maria Montez International Airport,Barahona,DO,yes
BSA,Bender Qassim International Airport,Bosaso,SO,yes
BSB,Presidente Juscelino Kubitschek International Airport,Brasília,BR,yes
BSC,José Celestino Mutis Airport,Bahía Solano,CO,yes
BSG,Bata International Airport,Bata,GQ,yes
BSK,Biskra - Mohamed Khider Airport,Biskra,DZ,yes
BSL,EuroAirport Basel–Mulhouse–Freiburg,Bâle / Mulhouse,FR,yes
BSR,Basra International Airport,Basra,IQ,yes
BSZ,Manas International Airport,Bishkek,KG,yes
BTH,Hang Nadim International Airport,Batam,ID,yes
BTI,Barter Island Long Range Radar Station Airport,Barter Island,US,yes
BTJ,Sultan Iskandar Muda International Airport,Banda Aceh,ID,yes
BTM,Bert Mooney Airport,Butte,US,yes
BTR,Baton Rouge Metropolitan Airport,Baton Rouge,US,yes
BTS,M. R. Štefánik Airport,Bratislava,SK,yes
BTV,Patrick Leahy Burlington International Airport,Burlington,US,yes
BUD,Budapest Liszt Ferenc International Airport,Budapest,HU,yes
BUF,Buffalo Niagara International Airport,Buffalo,US,yes
BUN,Gerardo Tobar López Airport,Buenaventura,CO,yes
BUQ,Joshua Mqabuko Nkomo International Airport,Bulawayo,ZW,yes
BUR,Hollywood Burbank Airport,Burbank,US,yes
BUS,Alexander Kartveli Batumi International Airport,Batumi,GE,yes
BVA,Beauvais-Tillé airport,Beauvais,FR,yes
BVB,Atlas Brasil Cantanhede International Airport,Boa Vista,BR,yes
BVC,Aristides Pereira International Airport,Rabil,CV,yes
BWA,Gautam Buddha International Airport,Siddharthanagar (Bhairahawa),NP,yes
BWI,Baltimore/Washington International Thurgood Marshall Airport,Baltimore,US,yes
BWN,Brunei International Airport,Bandar Seri Begawan,BN,yes
BXY,Baikonur Krayniy International Airport,Baikonur,KZ,yes
BZE,Philip S. W. Goldson International Airport,Belize City,BZ,yes
BZN,Bozeman Yellowstone International Airport,Bozeman,US,yes
BZV,Maya-Maya International Airport,Brazzaville,CG,yes
CAE,Columbia Metropolitan Airport,Columbia,US,yes
CAG,Cagliari Elmas Airport,Cagliari,IT,yes
CAI,Cairo International Airport,Cairo,EG,yes
CAK,Akron Canton Regional Airport,Akron,US,yes
CAL,Campbeltown Airport,Campbeltown,GB,yes
CAN,Guangzhou Baiyun International Airport,Guangzhou (Huadu),CN,yes
CAP,Cap Haitien International Airport,Cap Haitien,HT,yes
CAY,Cayenne – Félix Eboué Airport,Matoury,GF,yes
CBB,Jorge Wilsterman International Airport,Cochabamba,BO,yes
CCE,Capital International Airport,New Cairo,EG,yes
CCJ,Calicut International Airport,Calicut,IN,yes
CCK,Cocos (Keeling) Islands Airport,West Island,CC,yes
CCP,Carriel Sur International Airport,Concepcion,CL,yes
CCR,Buchanan Field,Concord,US,yes
CCS,Maiquetía Simón Bolívar International Airport,Maiquetía,VE,yes
CCU,Netaji Subhash Chandra Bose International Airport,Kolkata,IN,yes
CDB,Cold Bay Airport,Cold Bay,US,yes
CDC,Cedar City Regional Airport,Cedar City,US,yes
CDG,Charles de Gaulle International Airport,"Paris (Roissy-en-France, Val-d'Oise)",FR,yes
CDR,Chadron Municipal Airport,Chadron,US,yes
CDT,Castellón-Costa Azahar Airport,Castellón de la Plana,ES,yes
CDV,Merle K (Mudhole) Smith Airport,Cordova,US,yes
CEB,Mactan Cebu International Airport,Cebu City/Lapu-Lapu City,PH,yes
CEC,Jack Mc Namara Field Airport,Crescent City,US,yes
CEK,Kurchatov Chelyabinsk International Airport,Chelyabinsk,RU,yes
CEN,Ciudad Obregón International Airport,Ciudad Obregón,MX,yes
CEZ,Cortez Municipal Airport,Cortez,US,yes
CFE,Clermont-Ferrand Auvergne airport,Clermont-Ferrand,FR,yes
CFK,Chlef Aboubakr Belkaid International Airport,Chlef,DZ,yes
CFU,Corfu Ioannis Kapodistrias International Airport,Kerkyra (Corfu),GR,yes
CGB,Várzea Grande–Marechal Rondon International Airport,Cuiabá,BR,yes
CGH,Congonhas–Deputado Freitas Nobre Airport,São Paulo,BR,yes
CGI,Cape Girardeau Regional Airport,Cape Girardeau,US,yes
CGK,Soekarno-Hatta International Airport,Jakarta,ID,yes
CGN,Cologne Bonn Airport,Köln (Cologne),DE,yes
CGO,Zhengzhou Xinzheng International Airport,Zhengzhou,CN,yes
CGP,Shah Amanat International Airport,Chattogram (Chittagong),BD,yes
CGQ,Changchun Longjia International Airport,Changchun,CN,yes
CGY,Laguindingan International Airport,Laguindingan,PH,yes
CHA,Chattanooga Metropolitan Airport (Lovell Field),Chattanooga,US,yes
CHC,Christchurch International Airport,Christchurch,NZ,yes
CHO,Charlottesville Albemarle Airport,Charlottesville,US,yes
CHQ,Chania International Airport,Souda,GR,yes
CHS,Charleston International Airport,Charleston,US,yes
CIA,Ciampino–G. B. Pastine International Airport,Rome,IT,yes
CID,The Eastern Iowa Airport,Cedar Rapids,US,yes
CIT,Shymkent International Airport,Shymkent,KZ,yes
CIU,Chippewa County International Airport,Kincheloe,US,yes
CIX,Capitán FAP José A. Quiñones González International Airport,Chiclayo,PE,yes
CJB,Coimbatore International Airport,Coimbatore,IN,yes
CJJ,Cheongju International Airport/Cheongju Air Base (K-59/G-513),Cheongju,KR,yes
CJS,Abraham González International Airport,Ciudad Juárez,MX,yes
CJU,Jeju International Airport,Jeju City,KR,yes
CKB,North Central West Virginia Airport,Bridgeport,US,yes
CKG,Chongqing Jiangbei International Airport,Chongqing,CN,yes
CKY,Ahmed Sékou Touré International Airport,Conakry,GN,yes
CLD,McClellan-Palomar Airport,Carlsbad,US,yes
CLE,Cleveland Hopkins International Airport,Cleveland,US,yes
CLJ,Avram Iancu Cluj International Airport,Cluj-Napoca,RO,yes
CLL,Easterwood Field,College Station,US,yes
CLO,Alfonso Bonilla Aragon International Airport,Cali,CO,yes
CLQ,Licenciado Miguel de la Madrid International Airport,Colima,MX,yes
CLT,Charlotte Douglas International Airport,Charlotte,US,yes
CMB,Bandaranaike International Colombo Airport,Colombo,LK,yes
CME,Ciudad del Carmen International Airport,Ciudad del Carmen,MX,yes
CMH,John Glenn Columbus International Airport,Columbus,US,yes
CMI,University of Illinois Willard Airport,Savoy,US,yes
CMN,Mohammed V International Airport,Casablanca,MA,yes
CMW,Ignacio Agramonte International Airport,Camaguey,CU,yes
CMX,Houghton County Memorial Airport,Hancock,US,yes
CND,Mihail Kogălniceanu International Airport,Constanța,RO,yes
CNF,Tancredo Neves International Airport,Belo Horizonte,BR,yes
CNM,Cavern City Air Terminal,Carlsbad,US,yes
CNN,Kannur International Airport,Kannur,IN,yes
CNS,Cairns International Airport,Cairns,AU,yes
CNX,Chiang Mai International Airport,Chiang Mai,TH,yes
CNY,Canyonlands Regional Airport,Moab,US,yes
COD,Yellowstone Regional Airport,Cody,US,yes
COK,Cochin International Airport,Kochi,IN,yes
COO,Cotonou Cadjehoun International Airport,Cotonou,BJ,yes
COR,Ingeniero Aeronáutico Ambrosio L.V. Taravella International Airport,Cordoba,AR,yes
COS,City of Colorado Springs Municipal Airport,Colorado Springs,US,yes
COU,Columbia Regional Airport,Columbia,US,yes
COV,Çukurova International Airport,Tarsus,TR,yes
CPE,Ingeniero Alberto Acuña Ongay International Airport,Campeche,MX,yes
CPH,Copenhagen Kastrup Airport,Copenhagen,DK,yes
CPR,Casper-Natrona County International Airport,Casper,US,yes
CPT,Cape Town International Airport,Cape Town,ZA,yes
CPX,Benjamin Rivera Noriega Airport,Culebra,PR,yes
CRA,Craiova International Airport,Craiova,RO,yes
CRD,General Enrique Mosconi International Airport,Comodoro Rivadavia,AR,yes
CRK,Clark International Airport / Clark Air Base,Mabalacat,PH,yes
CRL,Brussels South Charleroi Airport,Charleroi,BE,yes
CRP,Corpus Christi International Airport,Corpus Christi,US,yes
CRW,Yeager Airport,Charleston,US,yes
CRZ,Türkmenabat International Airport,Türkmenabat,TM,yes
CSG,Columbus Airport,Columbus,US,yes
CSW,Cabo San Lucas International Airport,Cabo San Lucas,MX,yes
CSX,Changsha Huanghua International Airport,Changsha (Changsha),CN,yes
CTA,Catania-Fontanarossa Airport,Catania,IT,yes
CTG,Rafael Nuñez International Airport,Cartagena,CO,yes
CTM,Chetumal International Airport,Chetumal,MX,yes
CTS,New Chitose Airport,Sapporo,JP,yes
CTU,Chengdu Shuangliu International Airport,Chengdu (Shuangliu),CN,yes
CUC,Camilo Daza International Airport,Cúcuta,CO,yes
CUL,Bachigualato Federal International Airport,Culiacán,MX,yes
CUN,Cancún International Airport,Cancún,MX,yes
CUR,Hato International Airport,Willemstad,CW,yes
CUU,General Roberto Fierro Villalobos International Airport,Chihuahua,MX,yes
CUZ,Alejandro Velasco Astete International Airport,Cusco,PE,yes
CVG,Cincinnati Northern Kentucky International Airport,Cincinnati / Covington,US,yes
CVM,General Pedro Jose Mendez International Airport,Ciudad Victoria,MX,yes
CVN,Clovis Municipal Airport,Clovis,US,yes
CWA,Central Wisconsin Airport,Mosinee,US,yes
CWB,Curitiba-Afonso Pena International Airport,Curitiba,BR,yes
CWL,Cardiff International Airport,Cardiff,GB,yes
CXI,Cassidy International Airport,Kiritimati,KI,yes
CXR,Cam Ranh International Airport / Cam Ranh Air Base,Nha Trang/nha Trang aiurportCam Ranh,VN,yes
CYS,Cheyenne Regional Jerry Olson Field,Cheyenne,US,yes
CZL,Mohamed Boudiaf International Airport,Constantine,DZ,yes
CZM,Cozumel International Airport,Cozumel,MX,yes
CZU,Las Brujas Airport,Corozal,CO,yes
DAB,Daytona Beach International Airport,Daytona Beach,US,yes
DAC,Hazrat Shahjalal International Airport,Dhaka,BD,yes
DAD,Da Nang International Airport,Da Nang,VN,yes
DAL,Dallas Love Field,Dallas,US,yes
DAM,Damascus International Airport,Damascus,SY,yes
DAR,Julius Nyerere International Airport,Dar es Salaam,TZ,yes
DAT,Datong Yungang International Airport,Datong,CN,yes
DAY,James M. Cox Dayton International Airport,Dayton,US,yes
DBB,El Alamein International Airport,El Alamein,EG,yes
DBQ,Dubuque Regional Airport,Dubuque,US,yes
DBV,Dubrovnik Ruđer Bošković Airport,Dubrovnik,HR,yes
DCA,Ronald Reagan Washington National Airport,Washington,US,yes
DDC,Dodge City Regional Airport,Dodge City,US,yes
DEB,Debrecen International Airport,Debrecen,HU,yes
DEC,Decatur Airport,Decatur,US,yes
DEL,Indira Gandhi International Airport,New Delhi,IN,yes
DEN,Denver International Airport,Denver,US,yes
DFW,Dallas Fort Worth International Airport,Dallas-Fort Worth,US,yes
DGO,General Guadalupe Victoria International Airport,Durango,MX,yes
DHN,Dothan Regional Airport,Dothan,US,yes
DIA,Doha International Airport,Doha,QA,yes
DIK,Dickinson Theodore Roosevelt Regional Airport,Dickinson,US,yes
DIL,Presidente Nicolau Lobato International Airport,Dili,TL,yes
DIR,Aba Tenna Dejazmach Yilma International Airport,Dire Dawa,ET,yes
DJE,Djerba Zarzis International Airport,Mellita,TN,yes
DJG,Tiska Djanet Airport,Djanet,DZ,yes
DJJ,Dortheys Hiyo Eluay International Airport,Sentani,ID,yes
DKR,Léopold Sédar Senghor International Airport,Dakar,SN,yes
DLA,Douala International Airport,Douala,CM,yes
DLC,Dalian Zhoushuizi International Airport,Dalian (Ganjingzi),CN,yes
DLG,Dillingham Airport,Dillingham,US,yes
DLH,Duluth International Airport,Duluth,US,yes
DLM,Dalaman International Airport,Dalaman,TR,yes
DMB,Taraz International Airport,Taraz,KZ,yes
DME,Domodedovo International Airport,Moscow,RU,yes
DMK,Don Mueang International Airport,Bangkok,TH,yes
DMM,King Fahd International Airport,Ad Dammam,SA,yes
DND,Dundee Airport,Dundee,GB,yes
DNH,Dunhuang Mogao International Airport,Dunhuang,CN,yes
DOH,Hamad International Airport,Doha,QA,yes
DOV,Dover Civil Air Terminal/Dover Air Force Base,Dover,US,yes
DPS,Denpasar I Gusti Ngurah Rai International Airport,"Kuta, Badung",ID,yes
DQM,Duqm International Airport,Duqm,OM,yes
DRG,Deering Airport,Deering,US,yes
DRO,Durango La Plata County Airport,Durango,US,yes
DRP,Bicol International Airport,Legazpi,PH,yes
DRS,Dresden Airport,Dresden,DE,yes
DRW,Darwin International Airport / RAAF Darwin,Darwin,AU,yes
DSI,Destin Executive Airport,Destin,US,yes
DSM,Des Moines International Airport,Des Moines,US,yes
DSN,Ordos Ejin Horo International Airport,Ordos,CN,yes
DSS,Blaise Diagne International Airport,Dakar,SN,yes
DSY,Dara Sakor International Airport,Ta Noun,KH,yes
DTM,Dortmund Airport,Dortmund,DE,yes
DTW,Detroit Metropolitan Wayne County Airport,Detroit,US,yes
DUB,Dublin Airport,Dublin,IE,yes
DUJ,DuBois Regional Airport,Dubois,US,yes
DUR,King Shaka International Airport,Durban,ZA,yes
DUS,Düsseldorf Airport,Düsseldorf,DE,yes
DUT,Tom Madsen (Dutch Harbor) Airport,Unalaska,US,yes
DVL,Devils Lake Regional Airport,Devils Lake,US,yes
DVO,Francisco Bangoy International Airport,Davao,PH,yes
DWC,Al Maktoum International Airport,Dubai(Jebel Ali),AE,yes
DXB,Dubai International Airport,Dubai,AE,yes
DYG,Zhangjiajie Hehua International Airport,Zhangjiajie (Yongding),CN,yes
DYU,Dushanbe International Airport,Dushanbe,TJ,yes
DZA,Dzaoudzi Pamandzi International Airport,Dzaoudzi,YT,yes
DZN,Zhezkazgan National Airport,Zhezkazgan,KZ,yes
EAR,Kearney Regional Airport,Kearney,US,yes
EAS,San Sebastián Airport,Hondarribia,ES,yes
EAT,Pangborn Memorial Airport,Wenatchee,US,yes
EAU,Chippewa Valley Regional Airport,Eau Claire,US,yes
EBB,Entebbe International Airport,Kampala,UG,yes
EBL,Erbil International Airport,Arbil,IQ,yes
ECN,Ercan International Airport,Tymbou (Kirklar),CY,yes
ECP,Northwest Florida Beaches International Airport,Panama City Beach,US,yes
EDI,Edinburgh Airport,Edinburgh,GB,yes
EDL,Eldoret International Airport,Eldoret,KE,yes
EDO,Balıkesir Koca Seyit Airport,Edremit,TR,yes
EGE,Eagle County Regional Airport,Eagle,US,yes
EGX,Egegik Airport,Egegik,US,yes
EHU,Ezhou Huahu International Airport,Ezhou,CN,yes
EIN,Eindhoven Airport,Eindhoven,NL,yes
EIS,Terrance B. Lettsome International Airport,Beef Island,VG,yes
EJA,Yariguíes Airport,Barrancabermeja,CO,yes
EKO,Elko Regional Airport,Elko,US,yes
ELD,South Arkansas Regional Airport at Goodwin Field,El Dorado,US,yes
ELM,Elmira Corning Regional Airport,Elmira/Corning,US,yes
ELP,El Paso International Airport,El Paso,US,yes
ELQ,Prince Naif bin Abdulaziz International Airport,Qassim,SA,yes
ELS,King Phalo Airport,East London,ZA,yes
EMA,East Midlands Airport,Nottingham,GB,yes
EMK,Emmonak Airport,Emmonak,US,yes
ENA,Kenai Municipal Airport,Kenai,US,yes
ENO,Teniente Ramon A. Ayub Gonzalez International Airport,Encarnación,PY,yes
ENU,Akanu Ibiam International Airport,Enegu,NG,yes
EOH,Enrique Olaya Herrera Airport,Medellín,CO,yes
EOI,Eday Airport,Eday,GB,yes
ERF,Erfurt-Weimar Airport,Erfurt,DE,yes
ERI,Erie International Tom Ridge Field,Erie,US,yes
ESB,Esenboğa International Airport,Ankara,TR,yes
ESC,Delta County Airport,Escanaba,US,yes
ESD,Orcas Island Airport,Eastsound,US,yes
ESM,Carlos Concha Torres International Airport,Tachina,EC,yes
ETM,Ramon International Airport,Eilat,IL,yes
EUG,Eugene Airport,Eugene,US,yes
EUN,Laayoune Hassan I International Airport,El Aaiún,EH,yes
EVE,Harstad/Narvik Airport,Evenes,NO,yes
EVN,Zvartnots International Airport,Yerevan,AM,yes
EVV,Evansville Regional Airport,Evansville,US,yes
EWB,New Bedford Regional Airport,New Bedford,US,yes
EWN,Coastal Carolina Regional Airport,New Bern,US,yes
EWR,Newark Liberty International Airport,Newark,US,yes
EXT,Exeter International Airport,"Exeter, Devon",GB,yes
EYP,El Alcaravan - Yopal Airport,Yopal,CO,yes
EYW,Key West International Airport,Key West,US,yes
EZE,Ezeiza International Airport - Ministro Pistarini,Buenos Aires (Ezeiza),AR,yes
FAE,Vágar Airport,Vágar,FO,yes
FAI,Fairbanks International Airport,Fairbanks,US,yes
FAO,Faro - Gago Coutinho International Airport,Faro,PT,yes
FAR,Hector International Airport,Fargo,US,yes
FAT,Fresno Yosemite International Airport,Fresno,US,yes
FAY,Fayetteville Regional Airport - Grannis Field,Fayetteville,US,yes
FBM,Lubumbashi International Airport,Lubumbashi,CD,yes
FCA,Glacier Park International Airport,Kalispell,US,yes
FCO,Rome–Fiumicino Leonardo da Vinci International Airport,Rome,IT,yes
FDF,Martinique Aimé Césaire International Airport,Fort-de-France,MQ,yes
FDH,Bodensee Airport Friedrichshafen,Friedrichshafen,DE,yes
FEZ,Fes Saïss International Airport,Saïss,MA,yes
FIH,Ndjili International Airport,Kinshasa,CD,yes
FJR,Fujairah International Airport,Fujairah,AE,yes
FKB,Karlsruhe Baden-Baden Airport,Rheinmünster,DE,yes
FKI,Bangoka International Airport,Kisangani,CD,yes
FLA,Gustavo Artunduaga Paredes Airport,Florencia,CO,yes
FLG,Flagstaff Pulliam Airport,Flagstaff,US,yes
FLL,Fort Lauderdale Hollywood International Airport,Fort Lauderdale,US,yes
FLN,Hercílio Luz International Airport,Florianópolis,BR,yes
FLO,Florence Regional Airport,Florence,US,yes
FLR,"Florence Airport, Peretola",Firenze (FI),IT,yes
FMM,Memmingen Allgau Airport,Memmingen,DE,yes
FMO,Münster Osnabrück Airport,Greven,DE,yes
FNA,Lungi International Airport,Freetown (Lungi-Town),SL,yes
FNC,Cristiano Ronaldo International Airport,Funchal,PT,yes
FNJ,Pyongyang Sunan International Airport,Pyongyang,KP,yes
FNT,Bishop International Airport,Flint,US,yes
FOC,Fuzhou Changle International Airport,Fuzhou (Changle),CN,yes
FOD,Fort Dodge Regional Airport,Fort Dodge,US,yes
FOR,Pinto Martins International Airport,Fortaleza,BR,yes
FPO,Grand Bahama International Airport,Freeport,BS,yes
FRA,Frankfurt Main Airport,Frankfurt am Main,DE,yes
FRD,Friday Harbor Airport,Friday Harbor,US,yes
FRW,Phillip Gaonwe Matante International Airport,Francistown,BW,yes
FSC,Figari Sud-Corse Airport,Figari,FR,yes
FSD,Sioux Falls Regional Airport,Sioux Falls,US,yes
FSM,Fort Smith Regional Airport,Fort Smith,US,yes
FSZ,Mount Fuji Shizuoka Airport,Makinohara / Shimada,JP,yes
FTE,El Calafate - Commander Armando Tola International Airport,El Calafate,AR,yes
FTW,Fort Worth Meacham International Airport,Fort Worth,US,yes
FUE,Fuerteventura Airport,El Matorral,ES,yes
FUK,Fukuoka Airport,Fukuoka,JP,yes
FWA,Fort Wayne International Airport,Fort Wayne,US,yes
FYU,Fort Yukon Airport,Fort Yukon,US,yes
GAL,Edward G. Pitka Sr Airport,Galena,US,yes
GAM,Gambell Airport,Gambell,US,yes
GAN,Gan International Airport,Gan,MV,yes
GAU,Lokpriya Gopinath Bordoloi International Airport,Guwahati,IN,yes
GBE,Sir Seretse Khama International Airport,Gaborone,BW,yes
GCC,Northeast Wyoming Regional Airport,Gillette,US,yes
GCK,Garden City Regional Airport,Garden City,US,yes
GCM,Owen Roberts International Airport,George Town,KY,yes
GCN,Grand Canyon National Park Airport,Grand Canyon - Tusayan,US,yes
GDL,Guadalajara International Airport,Guadalajara,MX,yes
GDN,Gdańsk Lech Wałęsa Airport,Gdańsk,PL,yes
GDV,Dawson Community Airport,Glendive,US,yes
GEG,Spokane International Airport,Spokane,US,yes
GEO,Cheddi Jagan International Airport,Georgetown,GY,yes
GES,General Santos International Airport,General Santos,PH,yes
GFK,Grand Forks International Airport,Grand Forks,US,yes
GGG,East Texas Regional Airport,Longview,US,yes
GGW,Glasgow Valley County Airport Wokal Field,Glasgow,US,yes
GHV,Brașov-Ghimbav International Airport,Brașov (Ghimbav),RO,yes
GIB,Gibraltar Airport,Gibraltar,GI,yes
GIG,Rio Galeão – Tom Jobim International Airport,Rio De Janeiro,BR,yes
GJL,Jijel Ferhat Abbas Airport,Tahir,DZ,yes
GJT,Grand Junction Regional Airport,Grand Junction,US,yes
GKN,Gulkana Airport,Gulkana,US,yes
GLA,Glasgow Airport,Glasgow,GB,yes
GLH,Mid Delta Regional Airport,Greenville,US,yes
GMP,Gimpo International Airport,Seoul,KR,yes
GND,Maurice Bishop International Airport,Saint George's,GD,yes
GNJ,Ganja International Airport,Ganja,AZ,yes
GNV,Gainesville Regional Airport,Gainesville,US,yes
GNY,Şanlıurfa GAP Airport,Şanlıurfa,TR,yes
GOA,Genoa Cristoforo Colombo Airport,Genova (GE),IT,yes
GOH,Nuuk International Airport,Nuuk,GL,yes
GOI,Goa Dabolim International Airport,Vasco da Gama,IN,yes
GOJ,Nizhny Novgorod / Strigino International Airport,Nizhny Novgorod,RU,yes
GOM,Goma International Airport,Goma,CD,yes
GOT,Göteborg Landvetter Airport,Göteborg,SE,yes
GOU,Garoua International Airport,Garoua,CM,yes
GOX,Manohar International Airport,Mopa,IN,yes
GPI,Guapi Airport,Guapi,CO,yes
GPT,Gulfport Biloxi International Airport,Gulfport,US,yes
GRB,Austin Straubel International Airport,Green Bay,US,yes
GRI,Central Nebraska Regional Airport,Grand Island,US,yes
GRJ,George Airport,George,ZA,yes
GRK,Killeen Regional Airport / Robert Gray Army Airfield,Fort Cavazos,US,yes
GRO,Girona-Costa Brava Airport,Girona,ES,yes
GRQ,Groningen Airport Eelde,Groningen,NL,yes
GRR,Gerald R. Ford International Airport,Grand Rapids,US,yes
GRU,São Paulo/Guarulhos–Governor André Franco Montoro International Airport,São Paulo,BR,yes
GRV,Akhmat Kadyrov Grozny International Airport,Grozny,RU,yes
GRX,F.G.L. Airport Granada-Jaén Airport,Granada,ES,yes
GRZ,Graz Airport,Feldkirchen bei Graz,AT,yes
GSM,Qeshm International Airport,Qeshm(Dayrestan),IR,yes
GSO,Piedmont Triad International Airport,Greensboro,US,yes
GSP,Greenville-Spartanburg International Airport,Greenville/Greer/Spartanburg,US,yes
GST,Gustavus Airport,Gustavus,US,yes
GSV,Gagarin International Airport,Saratov,RU,yes
GTF,Great Falls International Airport,Great Falls,US,yes
GTR,Golden Triangle Regional Airport,Columbus/W Point/Starkville,US,yes
GUA,La Aurora International Airport,Guatemala City,GT,yes
GUC,Gunnison Crested Butte Regional Airport,Gunnison,US,yes
GUM,Antonio B. Won Pat International Airport,Hagåtña,GU,yes
GUP,Gallup Municipal Airport,Gallup,US,yes
GUW,Atyrau International Airport,Atyrau,KZ,yes
GVA,Geneva Cointrin International Airport,Geneva,CH,yes
GWD,New Gwadar International Airport,Gurandani,PK,yes
GXF,Seiyun Hadhramaut International Airport,Seiyun,YE,yes
GYD,Heydar Aliyev International Airport,Baku,AZ,yes
GYE,José Joaquín de Olmedo International Airport,Guayaquil,EC,yes
GYM,General José María Yáñez International Airport,Guaymas,MX,yes
GYN,Santa Genoveva International Airport,Goiânia,BR,yes
GYY,Gary Chicago International Airport,Gary,US,yes
GZT,Gaziantep Oğuzeli International Airport,Gaziantep,TR,yes
HAH,Prince Said Ibrahim International Airport,Moroni,KM,yes
HAJ,Hannover Airport,Hannover,DE,yes
HAK,Haikou Meilan International Airport,Haikou (Meilan),CN,yes
HAM,Hamburg Helmut Schmidt Airport,Hamburg,DE,yes
HAN,Noi Bai International Airport,Hanoi (Soc Son),VN,yes
HAQ,Hanimaadhoo International Airport,Haa Dhaalu Atoll,MV,yes
HAV,José Martí International Airport,Havana,CU,yes
HBA,Hobart International Airport,Hobart (Cambridge),AU,yes
HBE,Alexandria International Airport,Alexandria,EG,yes
HCR,Holy Cross Airport,Holy Cross,US,yes
HDN,Yampa Valley Airport,Hayden,US,yes
HDY,Hat Yai International Airport,Hat Yai,TH,yes
HEA,Herat - Khwaja Abdullah Ansari International Airport,Guzara,AF,yes
HEL,Helsinki Vantaa Airport,Helsinki (Vantaa),FI,yes
HER,Heraklion International Nikos Kazantzakis Airport,Heraklion,GR,yes
HET,Hohhot Baita International Airport,Hohhot,CN,yes
HFE,Hefei Xinqiao International Airport,Hefei,CN,yes
HGA,Egal International Airport,Hargeisa,SO,yes
HGH,Hangzhou Xiaoshan International Airport,Hangzhou,CN,yes
HGR,Hagerstown Regional Richard A Henson Field,Hagerstown,US,yes
HHH,Hilton Head Airport,Hilton Head Island,US,yes
HHN,Frankfurt-Hahn Airport,Frankfurt am Main (Lautzenhausen),DE,yes
HHR,Jack Northrop Field Hawthorne Municipal Airport,Hawthorne,US,yes
HIB,Range Regional Airport,Hibbing,US,yes
HII,Lake Havasu City Airport,Lake Havasu City,US,yes
HIJ,Hiroshima Airport,Hiroshima,JP,yes
HIR,Honiara International Airport,Honiara,SB,yes
HKD,Hakodate Airport,Hakodate,JP,yes
HKG,Hong Kong International Airport,Hong Kong,HK,yes
HKT,Phuket International Airport,Phuket,TH,yes
HLA,Lanseria International Airport,Johannesburg,ZA,yes
HLD,Hulunbuir Hailar Airport,Hailar,CN,yes
HLN,Helena Regional Airport,Helena,US,yes
HLP,Halim Perdanakusuma International Airport,Jakarta,ID,yes
HMB,Sohag International Airport,Suhaj,EG,yes
HMO,General Ignacio L. Pesqueira International Airport,Hermosillo,MX,yes
HND,Tokyo Haneda International Airport,Tokyo,JP,yes
HNL,Daniel K. Inouye International Airport,"Honolulu, Oahu",US,yes
HNM,Hana Airport,Hana,US,yes
HNS,Haines Airport,Haines,US,yes
HOB,Lea County Regional Airport,Hobbs,US,yes
HOF,Al-Ahsa International Airport,Hofuf,SA,yes
HOG,Frank Pais International Airport,Holguin,CU,yes
HOM,Homer Airport,Homer,US,yes
HOT,Memorial Field Airport,Hot Springs,US,yes
HOU,William P. Hobby Airport,Houston,US,yes
HPH,Cat Bi International Airport,Haiphong (Hai An),VN,yes
HPN,Westchester County Airport,White Plains,US,yes
HRB,Harbin Taiping International Airport,Harbin,CN,yes
HRE,Robert Gabriel Mugabe International Airport,Harare,ZW,yes
HRG,Hurghada International Airport,Hurghada,EG,yes
HRI,Mattala Rajapaksa International Airport,Mattala,LK,yes
HRL,Valley International Airport,Harlingen,US,yes
HRO,Boone County Airport,Harrison,US,yes
HSA,Hazrat Sultan International Airport,Turkıstan,KZ,yes
HSG,Kyushu Saga International Airport,Saga,JP,yes
HSL,Huslia Airport,Huslia,US,yes
HSS,Maharaja Agrasen International Airport,Hisar,IN,yes
HSV,Huntsville International Airport,Huntsville,US,yes
HTA,Chita-Kadala International Airport,Chita,RU,yes
HTS,Tri-State Airport / Milton J. Ferguson Field,Huntington,US,yes
HUN,Hualien Chiashan Airport,Hualien City,TW,yes
HUX,Bahías de Huatulco International Airport,Huatulco,MX,yes
HUY,Humberside Airport,"Grimsby, Lincolnshire",GB,yes
HVN,Tweed New Haven Airport,New Haven,US,yes
HVR,Havre City County Airport,Havre,US,yes
HWR,Halwara International Airport,Halwara,IN,yes
HYA,Cape Cod Gateway Airport,Hyannis,US,yes
HYD,Rajiv Gandhi International Airport,Hyderabad,IN,yes
HYS,Hays Regional Airport,Hays,US,yes
IAD,Washington Dulles International Airport,Dulles,US,yes
IAG,Niagara Falls International Airport,Niagara Falls,US,yes
IAH,George Bush Intercontinental Airport,Houston,US,yes
IAN,Bob Baker Memorial Airport,Kiana,US,yes
IAR,Golden Ring Yaroslavl International Airport,Tunoshna,RU,yes
IAS,Iaşi International Airport,Iaşi,RO,yes
IBE,Perales Airport,Ibagué,CO,yes
IBZ,Ibiza Airport,Ibiza (Eivissa),ES,yes
ICN,Incheon International Airport,Seoul,KR,yes
ICT,Wichita Dwight D. Eisenhower National Airport,Wichita,US,yes
IDA,Idaho Falls Regional Airport,Idaho Falls,US,yes
IDR,Devi Ahilya Bai Holkar International Airport,Indore,IN,yes
IFN,Isfahan Shahid Beheshti International Airport,Isfahan,IR,yes
IGU,Cataratas International Airport,Foz do Iguaçu,BR,yes
IKA,Imam Khomeini International Airport,Tehran,IR,yes
IKT,Irkutsk International Airport,Irkutsk,RU,yes
IKU,Issyk-Kul International Airport,Tamchy,KG,yes
ILD,Lleida-Alguaire Airport,Lleida,ES,yes
ILG,Wilmington Airport,Wilmington,US,yes
ILI,Iliamna Airport,Iliamna,US,yes
ILM,Wilmington International Airport,Wilmington,US,yes
ILO,Iloilo International Airport,Cabatuan,PH,yes
ILR,General Tunde Idiagbon International Airport,Ilorin/Ogbomosho,NG,yes
ILY,Islay Airport,"Isle of Islay, Argyll and Bute",GB,yes
IMF,Bir Tikendrajit International Airport,Imphal,IN,yes
IMT,Ford Airport,Kingsford,US,yes
INC,Yinchuan Hedong International Airport,Yinchuan,CN,yes
IND,Indianapolis International Airport,Indianapolis,US,yes
INI,Niš Constantine the Great Airport,Niš,RS,yes
INL,Falls International Airport,International Falls,US,yes
INN,Innsbruck Airport,Innsbruck,AT,yes
INV,Inverness Airport,Inverness,GB,yes
IOM,Isle of Man Airport,Castletown,IM,yes
IPC,Mataveri International Airport,Isla De Pascua,CL,yes
IPH,Sultan Azlan Shah Airport,Ipoh,MY,yes
IPI,San Luis Airport,Ipiales,CO,yes
IPL,Imperial County Airport,Imperial,US,yes
IPT,Williamsport Regional Airport,Williamsport,US,yes
IQT,Coronel FAP Francisco Secada Vignetta International Airport,Iquitos,PE,yes
IRK,Kirksville Regional Airport,Kirksville,US,yes
ISB,Islamabad International Airport,Attock,PK,yes
ISK,Nashik International Airport,Nashik,IN,yes
ISP,Long Island MacArthur Airport,Islip,US,yes
IST,İstanbul Airport,Istanbul,TR,yes
ITH,Ithaca Tompkins Regional Airport,Ithaca,US,yes
ITM,Osaka Itami International Airport,Osaka,JP,yes
ITO,Hilo International Airport,Hilo,US,yes
IVL,Ivalo Airport,Ivalo,FI,yes
IXB,Bagdogra Airport,Siliguri,IN,yes
IXC,Shaheed Bhagat Singh International Airport,Chandigarh,IN,yes
IXE,Mangaluru International Airport,Mangaluru,IN,yes
IXZ,Veer Savarkar International Airport / INS Utkrosh,Port Blair,IN,yes
IZT,General Antonio Cárdenas Rodríguez National Airport / Ixtepec Air Base,Ixtepec,MX,yes
JAC,Jackson Hole Airport,Jackson,US,yes
JAF,Jaffna International Airport,Jaffna,LK,yes
JAI,Jaipur International Airport,Jaipur,IN,yes
JAN,Jackson-Medgar Wiley Evers International Airport,Jackson,US,yes
JAX,Jacksonville International Airport,Jacksonville,US,yes
JBQ,La Isabela International Airport,La Isabela,DO,yes
JBR,Jonesboro Municipal Airport,Jonesboro,US,yes
JCL,České Budějovice South Bohemian Airport,České Budějovice,CZ,yes
JED,King Abdulaziz International Airport,Jeddah,SA,yes
JFK,John F. Kennedy International Airport,New York,US,yes
JGN,Jiayuguan International Airport,Jiayuguan,CN,yes
JHB,Senai International Airport,Johor Bahru,MY,yes
JHG,Xishuangbanna Gasa International Airport,Jinghong (Gasa),CN,yes
JHM,Kapalua Airport,Lahaina,US,yes
JIB,Djibouti-Ambouli Airport,Djibouti City,DJ,yes
JIJ,Gerad Wilwal International Airport,Jijiga,ET,yes
JJN,Quanzhou Jinjiang International Airport,Quanzhou,CN,yes
JLN,Joplin Regional Airport,Joplin,US,yes
JMS,Jamestown Regional Airport,Jamestown,US,yes
JNB,O.R. Tambo International Airport,Johannesburg,ZA,yes
JNU,Juneau International Airport,Juneau,US,yes
JOG,Adisutjipto International Airport,Yogyakarta,ID,yes
JPA,Presidente Castro Pinto International Airport,João Pessoa,BR,yes
JRO,Kilimanjaro International Airport,Arusha,TZ,yes
JST,John Murtha Johnstown Cambria County Airport,Johnstown,US,yes
JTR,Santorini International Airport,Santorini Island,GR,yes
JUB,Juba International Airport,Juba,SS,yes
JUJ,Gobernador Horacio Guzman International Airport,San Salvador de Jujuy,AR,yes
JUL,Inca Manco Capac International Airport,Juliaca,PE,yes
KAD,Kaduna International Airport,Kaduna,NG,yes
KAN,Mallam Aminu Kano International Airport,Kano,NG,yes
KBL,Kabul International Airport,Kabul,AF,yes
KCH,Kuching International Airport,Kuching,MY,yes
KCZ,Kochi Ryoma Airport,Nankoku,JP,yes
KDH,Ahmad Shah Baba International Airport,Kandahar,AF,yes
KDU,Skardu International Airport,Skardu,PK,yes
KEF,Keflavik International Airport,Reykjavík,IS,yes
KEJ,Alexei Leonov Kemerovo International Airport,Kemerovo,RU,yes
KER,Ayatollah Hashemi Rafsanjani International Airport,Kerman,IR,yes
KGD,Khrabrovo Airport,Kaliningrad,RU,yes
KGF,Sary-Arka Airport,Karaganda,KZ,yes
KGL,Kigali International Airport,Kigali,RW,yes
KGS,"Kos International Airport ""Ippokratis""",Kos Island,GR,yes
KHG,Kashgar Laining International Airport,Kashgar,CN,yes
KHH,Kaohsiung International Airport,Kaohsiung (Xiaogang),TW,yes
KHI,Jinnah International Airport,Karachi,PK,yes
KHN,Nanchang Changbei International Airport,Nanchang,CN,yes
KIH,Kish International Airport,Kish Island,IR,yes
KIJ,Niigata Airport,Niigata,JP,yes
KIK,Kirkuk International Airport,Kirkuk,IQ,yes
KIM,Kimberley Airport,Kimberley,ZA,yes
KIN,Norman Manley International Airport,Kingston,JM,yes
KIS,Kisumu International Airport,Kisumu,KE,yes
KIX,Kansai International Airport,Osaka,JP,yes
KJA,Krasnoyarsk International Airport,Krasnoyarsk,RU,yes
KKJ,Kitakyushu Airport,Kitakyushu,JP,yes
KLO,Kalibo International Airport,Kalibo,PH,yes
KLU,Klagenfurt Airport,Klagenfurt am Wörthersee,AT,yes
KLV,Karlovy Vary Airport,Karlovy Vary,CZ,yes
KLW,Klawock Airport,Klawock,US,yes
KMG,Kunming Changshui International Airport,Kunming,CN,yes
KMI,Miyazaki Airport,Miyazaki,JP,yes
KMJ,Kumamoto Airport,Kumamoto,JP,yes
KMQ,Komatsu Airport / JASDF Komatsu Air Base,Kanazawa,JP,yes
KMS,Prempeh I International Airport,Kumasi,GH,yes
KNO,Kualanamu International Airport,Beringin,ID,yes
KOA,Ellison Onizuka Kona International Airport at Keāhole,Kailua-Kona,US,yes
KOI,Kirkwall Airport,"Kirkwall, Orkney Islands",GB,yes
KOJ,Kagoshima Airport,Kagoshima,JP,yes
KOS,Sihanouk International Airport,Preah Sihanouk,KH,yes
KOV,Kokshetau International Airport,Kokshetau,KZ,yes
KRK,Kraków John Paul II International Airport,Balice,PL,yes
KRN,Kiruna Airport,Kiruna,SE,yes
KRR,Krasnodar Pashkovsky International Airport,Krasnodar,RU,yes
KRS,Kristiansand Airport,Kristiansand(Kjevik),NO,yes
KRT,Khartoum International Airport,Khartoum,SD,yes
KSA,Kosrae International Airport,Okat,FM,yes
KSF,Kassel Airport,Calden,DE,yes
KSN,Kostanay International Airport,Kostanay,KZ,yes
KTI,Techo International Airport,Phnom Penh (Boeng Khyang),KH,yes
KTM,Tribhuvan International Airport,Kathmandu,NP,yes
KTN,Ketchikan International Airport,Ketchikan,US,yes
KTT,Kittilä International Airport,Kittilä,FI,yes
KTW,Katowice Wojciech Korfanty International Airport,Katowice,PL,yes
KUF,Kurumoch International Airport,Samara,RU,yes
KUL,Kuala Lumpur International Airport,Sepang,MY,yes
KUN,Kaunas International Airport,Kaunas,LT,yes
KUO,Kuopio Airport,Kuopio / Siilinjärvi,FI,yes
KUT,David the Builder Kutaisi International Airport,Kopitnari,GE,yes
KVA,Kavala Alexander the Great International Airport,Kavala,GR,yes
KWE,Guiyang Longdongbao International Airport,Guiyang (Nanming),CN,yes
KWI,Kuwait International Airport,Kuwait City,KW,yes
KWL,Guilin Liangjiang International Airport,Guilin (Lingui),CN,yes
KYA,Konya Airport,Konya,TR,yes
KZN,Kazan International Airport,Kazan,RU,yes
KZO,Korkyt Ata International Airport,Kyzylorda,KZ,yes
LAD,Quatro de Fevereiro International Airport,Luanda,AO,yes
LAE,Nadzab Tomodachi International Airport,Lae,PG,yes
LAF,Purdue University Airport,West Lafayette,US,yes
LAL,Lakeland Linder International Airport,Lakeland,US,yes
LAN,Capital Region International Airport,Lansing,US,yes
LAO,Laoag International Airport,Laoag City,PH,yes
LAP,Manuel Márquez de León International Airport,La Paz,MX,yes
LAQ,Al Abraq International Airport,Al Albraq,LY,yes
LAR,Laramie Regional Airport,Laramie,US,yes
LAS,Harry Reid International Airport,Las Vegas,US,yes
LAW,Lawton Fort Sill Regional Airport,Lawton,US,yes
LAX,Los Angeles International Airport,Los Angeles,US,yes
LBA,Leeds Bradford Airport,"Leeds, West Yorkshire",GB,yes
LBB,Lubbock Preston Smith International Airport,Lubbock,US,yes
LBD,Khujand International Airport,Khujand,TJ,yes
LBE,Arnold Palmer Regional Airport,Latrobe,US,yes
LBF,North Platte Regional Airport Lee Bird Field,North Platte,US,yes
LBG,Paris-Le Bourget International Airport,Paris,FR,yes
LBL,Liberal Mid-America Regional Airport,Liberal,US,yes
LBV,Libreville Leon M'ba International Airport,Libreville,GA,yes
LCA,Larnaca International Airport,Larnaca,CY,yes
LCG,A Coruña Airport,Culleredo,ES,yes
LCH,Lake Charles Regional Airport,Lake Charles,US,yes
LCJ,Łódź Władysław Reymont Airport,Łódź,PL,yes
LCK,Rickenbacker International Airport,Columbus,US,yes
LCY,London City Airport,London,GB,yes
LDY,City of Derry Airport,"Derry, Derry and Strabane",GB,yes
LEB,Lebanon Municipal Airport,Lebanon,US,yes
LED,Pulkovo Airport,St. Petersburg,RU,yes
LEI,Almería Airport,Almería,ES,yes
LEJ,Leipzig/Halle Airport,Schkeuditz,DE,yes
LEN,León Int'l Airport,La Virgen Del Camino,ES,yes
LET,Alfredo Vásquez Cobo International Airport,Leticia,CO,yes
LEU,Pirineus - la Seu d'Urgel Airport,La Seu d'Urgell Pyrenees and Andorra,ES,yes
LEX,Blue Grass Airport,Lexington,US,yes
LFT,Lafayette Regional Airport,Lafayette,US,yes
LFW,Lomé–Tokoin International Airport,Lomé,TG,yes
LGA,LaGuardia Airport,New York,US,yes
LGB,Long Beach International Airport,Long Beach,US,yes
LGW,London Gatwick Airport,London,GB,yes
LHE,Allama Iqbal International Airport,Lahore,PK,yes
LHR,London Heathrow Airport,London,GB,yes
LHW,Lanzhou Zhongchuan International Airport,Lanzhou (Yongdeng),CN,yes
LIH,Lihue Airport,"Lihue, Kauai",US,yes
LIL,Lille Airport,Lesquin,FR,yes
LIM,Jorge Chávez International Airport,Lima,PE,yes
LIN,Milano Linate Airport,Segrate (MI),IT,yes
LIR,Daniel Oduber Quirós International Airport,Liberia,CR,yes
LIS,Lisbon Humberto Delgado Airport,Lisbon,PT,yes
LIT,Bill & Hillary Clinton National Airport/Adams Field,Little Rock,US,yes
LJG,Lijiang Sanyi International Airport,Lijiang,CN,yes
LJU,Ljubljana Jože Pučnik Airport,Zgornji Brnik,SI,yes
LKO,Chaudhary Charan Singh International Airport,Lucknow,IN,yes
LLA,Luleå Airport,Luleå,SE,yes
LLW,Kamuzu International Airport,Lumbadzi,MW,yes
LMM,Valle del Fuerte International Airport,Los Mochis,MX,yes
LNK,Lincoln Airport,Lincoln,US,yes
LNS,Lancaster Airport,Lancaster,US,yes
LNY,Lanai Airport,Lanai City,US,yes
LNZ,Linz-Hörsching Airport,Linz,AT,yes
LOP,Lombok International Airport,"Mataram (Pujut, Lombok Tengah)",ID,yes
LOS,Murtala Muhammed International Airport,Lagos,NG,yes
LPA,Gran Canaria Airport,Gran Canaria Island,ES,yes
LPB,El Alto International Airport,La Paz / El Alto,BO,yes
LPI,Linköping City Airport,Linköping,SE,yes
LPL,Liverpool John Lennon Airport,Liverpool,GB,yes
LPP,Lappeenranta Airport,Lappeenranta,FI,yes
LPQ,Luang Phabang International Airport,Luang Phabang,LA,yes
LRD,Laredo International Airport,Laredo,US,yes
LRM,Casa De Campo International Airport,La Romana,DO,yes
LRU,Las Cruces International Airport,Las Cruces,US,yes
LSE,La Crosse Regional Airport,La Crosse,US,yes
LSI,Sumburgh Airport,"Lerwick, Shetland",GB,yes
LTN,London Luton Airport,"Luton, Bedfordshire",GB,yes
LTO,Loreto International Airport,Loreto,MX,yes
LUK,Cincinnati Municipal Airport Lunken Field,Cincinnati,US,yes
LUN,Kenneth Kaunda International Airport,Lusaka,ZM,yes
LUR,Cape Lisburne LRRS Airport,Cape Lisburne,US,yes
LUX,Luxembourg-Findel International Airport,Luxembourg,LU,yes
LUZ,Lublin Airport,Lublin,PL,yes
LVI,Harry Mwanga Nkumbula International Airport,Livingstone,ZM,yes
LWB,Greenbrier Valley Airport,Lewisburg,US,yes
LWN,Shirak International Airport,Gyumri,AM,yes
LWO,Lviv International Airport,Lviv,UA,yes
LWS,Lewiston Nez Perce County Airport,Lewiston,US,yes
LXA,Lhasa Gonggar International Airport,Shannan (Gonggar),CN,yes
LXR,Luxor International Airport,Luxor,EG,yes
LYG,Lianyungang Huaguoshan International Airport,Lianyungang,CN,yes
LYH,Lynchburg Regional Airport - Preston Glenn Field,Lynchburg,US,yes
LYP,Faisalabad International Airport,Faisalabad,PK,yes
LYS,Lyon Saint-Exupéry Airport,"Colombier-Saugnieu, Rhône",FR,yes
MAA,Chennai International Airport,Chennai,IN,yes
MAD,Adolfo Suárez Madrid–Barajas Airport,Madrid,ES,yes
MAF,Midland International Air and Space Port,Midland,US,yes
MAH,Menorca Airport,Mahón (Maó),ES,yes
MAJ,Marshall Islands International Airport,Majuro Atoll,MH,yes
MAM,General Servando Canales International Airport,Matamoros,MX,yes
MAN,Manchester Airport,"Manchester, Greater Manchester",GB,yes
MAO,Eduardo Gomes International Airport,Manaus,BR,yes
MAR,La Chinita International Airport,Maracaibo,VE,yes
MAZ,Eugenio Maria De Hostos Airport,Mayaguez,PR,yes
MBA,Moi International Airport,Mombasa,KE,yes
MBJ,Sangster International Airport,Montego Bay,JM,yes
MBS,MBS International Airport,Freeland,US,yes
MCE,Merced Regional Macready Field,Merced,US,yes
MCG,McGrath Airport,McGrath,US,yes
MCI,Kansas City International Airport,Kansas City,US,yes
MCK,McCook Ben Nelson Regional Airport,McCook,US,yes
MCN,Middle Georgia Regional Airport,Macon,US,yes
MCO,Orlando International Airport,Orlando,US,yes
MCT,Muscat International Airport,Muscat/Seeb,OM,yes
MCW,Mason City Municipal Airport,Mason City,US,yes
MCX,Makhachkala Uytash International Airport,Makhachkala,RU,yes
MCY,Sunshine Coast Airport,Maroochydore,AU,yes
MCZ,Zumbi dos Palmares International Airport,Maceió,BR,yes
MDC,Sam Ratulangi International Airport,Manado,ID,yes
MDE,Jose Maria Córdova International Airport,Medellín,CO,yes
MDL,Mandalay International Airport,Mandalay,MM,yes
MDT,Harrisburg International Airport,Harrisburg,US,yes
MDW,Chicago Midway International Airport,Chicago,US,yes
MDZ,Governor Francisco Gabrielli International Airport,Mendoza,AR,yes
MED,Prince Mohammad Bin Abdulaziz Airport,Medina,SA,yes
MEI,Key Field / Meridian Regional Airport,Meridian,US,yes
MEL,Melbourne Airport,Melbourne,AU,yes
MEM,Memphis International Airport,Memphis,US,yes
MEX,Mexico City Benito Juárez International Airport,Mexico City,MX,yes
MFE,McAllen Miller International Airport,McAllen,US,yes
MFM,Macau International Airport,Nossa Senhora do Carmo,MO,yes
MFR,Rogue Valley International-Medford Airport,Medford,US,yes
MFU,Mfuwe International Airport,Mfuwe,ZM,yes
MGA,Augusto C. Sandino (Managua) International Airport,Managua,NI,yes
MGC,Michigan City Municipal Airport,Michigan City,US,yes
MGM,Montgomery Regional (Dannelly Field) Airport,Montgomery,US,yes
MGQ,Aden Adde International Airport,Mogadishu,SO,yes
MGW,Morgantown Municipal Airport Walter L. (Bill) Hart Field,Morgantown,US,yes
MHD,Mashhad International Airport,Mashhad,IR,yes
MHK,Manhattan Regional Airport,Manhattan,US,yes
MHQ,Mariehamn Airport,Mariehamn,FI,yes
MHT,Manchester-Boston Regional Airport,Manchester,US,yes
MIA,Miami International Airport,Miami,US,yes
MID,Manuel Crescencio Rejón International Airport,Mérida,MX,yes
MIU,Maiduguri International Airport,Maiduguri,NG,yes
MJI,Mitiga International Airport,Tripoli,LY,yes
MJN,Amborovy Airport,Mahajanga,MG,yes
MKE,General Mitchell International Airport,Milwaukee,US,yes
MKG,Muskegon County Airport,Muskegon,US,yes
MKK,Molokai Airport,Kaunakakai,US,yes
MKL,McKellar-Sipes Regional Airport,Jackson,US,yes
MLA,Malta International Airport,Valletta,MT,yes
MLB,Melbourne Orlando International Airport,Melbourne,US,yes
MLE,Velana International Airport,Malé,MV,yes
MLI,Quad City International Airport,Moline,US,yes
MLM,General Francisco J. Mujica International Airport,Morelia,MX,yes
MLN,Melilla Airport,Melilla,ES,yes
MLU,Monroe Regional Airport,Monroe,US,yes
MME,Teesside International Airport,"Darlington, Durham",GB,yes
MMK,Emperor Nicholas II Murmansk Airport,Murmansk,RU,yes
MMX,Malmö Sturup Airport,Malmö,SE,yes
MNI,John A. Osborne Airport,Gerald's Park,MS,yes
MNL,Ninoy Aquino International Airport,Manila (Pasay),PH,yes
MOB,Mobile Regional Airport,Mobile,US,yes
MOT,Minot International Airport,Minot,US,yes
MPM,Maputo Airport,Maputo,MZ,yes
MPN,Mount Pleasant Airport / RAF Mount Pleasant,Mount Pleasant,FK,yes
MQF,Magnitogorsk International Airport,Magnitogorsk,RU,yes
MQP,Kruger Mpumalanga International Airport,Mbombela,ZA,yes
MQT,Marquette/Sawyer International Airport,Gwinn,US,yes
MRI,Merrill Field,Anchorage,US,yes
MRS,Marseille Provence Airport,"Marignane, Bouches-du-Rhône",FR,yes
MRU,Sir Seewoosagur Ramgoolam International Airport,Plaine Magnien,MU,yes
MRV,Mineralnye Vody Airport,Mineralnyye Vody,RU,yes
MRY,Monterey Regional Airport,Monterey,US,yes
MSL,Northwest Alabama Regional Airport,Muscle Shoals,US,yes
MSN,Dane County Regional Truax Field,Madison,US,yes
MSO,Missoula Montana Airport,Missoula,US,yes
MSP,Minneapolis–Saint Paul International Airport / Wold–Chamberlain Field,Minneapolis,US,yes
MSQ,Minsk National Airport,Minsk,BY,yes
MSS,Massena International Airport Richards Field,Massena,US,yes
MST,Maastricht Aachen Airport,Maastricht,NL,yes
MSU,Moshoeshoe I International Airport,Maseru(Mazenod),LS,yes
MSY,Louis Armstrong New Orleans International Airport,New Orleans,US,yes
MTJ,Montrose Regional Airport,Montrose,US,yes
MTR,Los Garzones Airport,Montería,CO,yes
MTS,Matsapha International Airport,Manzini,SZ,yes
MTT,Minatitlán/Coatzacoalcos International Airport,Cosoleacaque,MX,yes
MTY,Monterrey International Airport,Monterrey,MX,yes
MUB,Maun International Airport,Maun,BW,yes
MUC,Munich Airport,Munich,DE,yes
MUE,Waimea Kohala Airport,Waimea (Kamuela),US,yes
MUH,Mersa Matruh International Airport,Marsa Matruh,EG,yes
MUX,Multan International Airport,Multan,PK,yes
MVB,M'Vengue El Hadj Omar Bongo Ondimba International Airport,Franceville,GA,yes
MVD,Carrasco General Cesáreo L. Berisso International Airport,Ciudad de la Costa,UY,yes
MVP,Fabio Alberto Leon Bentley Airport,Mitú,CO,yes
MWA,Veterans Airport of Southern Illinois,Marion,US,yes
MWL,Mineral Wells Regional Airport,Mineral Wells,US,yes
MWX,Muan International Airport,Muan (Piseo-ri),KR,yes
MWZ,Mwanza International Airport,Mwanza,TZ,yes
MXL,General Rodolfo Sánchez Taboada International Airport,Mexicali,MX,yes
MXP,Milan Malpensa International Airport,Ferno (VA),IT,yes
MYJ,Matsuyama Airport,Matsuyama,JP,yes
MYL,McCall Municipal Airport,McCall,US,yes
MYR,Myrtle Beach International Airport,Myrtle Beach,US,yes
MYU,Mekoryuk Airport,Mekoryuk,US,yes
MZG,Penghu Magong Airport,Huxi,TW,yes
MZL,La Nubia Airport,Manizales,CO,yes
MZR,Mazar-i-Sharif International Airport,Mazar-i-Sharif,AF,yes
MZT,General Rafael Buelna International Airport,Mazatlàn,MX,yes
NAG,Dr. Babasaheb Ambedkar International Airport,Nagpur,IN,yes
NAJ,Nakhchivan International Airport,Nakhchivan,AZ,yes
NAN,Nadi International Airport,Nadi,FJ,yes
NAP,Naples International Airport,Napoli,IT,yes
NAS,Lynden Pindling International Airport,Nassau,BS,yes
NAT,Rio Grande do Norte/São Gonçalo do Amarante–Governador Aluízio Alves International Airport,Natal,BR,yes
NAV,Nevşehir Kapadokya Airport,Nevşehir,TR,yes
NBJ,Dr. Antonio Agostinho Neto International Airport,Luanda (Ícolo e Bengo),AO,yes
NBO,Jomo Kenyatta International Airport,Nairobi,KE,yes
NCE,Nice-Côte d'Azur Airport,"Nice, Alpes-Maritimes",FR,yes
NCL,Newcastle International Airport,"Newcastle upon Tyne, Tyne and Wear",GB,yes
NCU,Nukus International Airport,Nukus,UZ,yes
NDB,Nouadhibou International Airport,Nouadhibou,MR,yes
NDG,Qiqihar Sanjiazi Airport,Qiqihar,CN,yes
NDJ,N'Djamena International Airport,N'Djamena,TD,yes
NDR,Nador Al Aaroui International Airport,Al Aaroui,MA,yes
NGB,Ningbo Lishe International Airport,Ningbo,CN,yes
NGO,Chubu Centrair International Airport,Tokoname,JP,yes
NGS,Nagasaki Airport,Nagasaki,JP,yes
NIM,Diori Hamani International Airport,Niamey,NE,yes
NJC,Nizhnevartovsk Airport,Nizhnevartovsk,RU,yes
NJF,Al Najaf International Airport,Najaf,IQ,yes
NKC,Nouakchott–Oumtounsy International Airport,Nouakchott,MR,yes
NKG,Nanjing Lukou International Airport,Nanjing,CN,yes
NLA,Simon Mwansa Kapwepwe International Airport,Ndola,ZM,yes
NLD,Quetzalcóatl International Airport,Nuevo Laredo,MX,yes
NLU,Felipe Ángeles International Airport,Mexico City,MX,yes
NMA,Namangan International Airport,Namangan,UZ,yes
NMF,Maafaru International Airport,Noonu Atoll,MV,yes
NMI,Navi Mumbai International Airport,Navi Mumbai,IN,yes
NNG,Nanning Wuxu International Airport,Nanning (Jiangnan),CN,yes
NOC,Ireland West Airport Knock,Charlestown,IE,yes
NOU,La Tontouta International Airport,Nouméa (La Tontouta),NC,yes
NPT,Newport State Airport,Newport,US,yes
NQN,Presidente Perón International Airport,Neuquén,AR,yes
NQY,Cornwall Airport Newquay,Newquay,GB,yes
NQZ,Nursultan Nazarbayev International Airport,Astana,KZ,yes
NRN,Weeze (Niederrhein) Airport,Weeze,DE,yes
NRR,José Aponte de la Torre Airport,Ceiba,PR,yes
NRT,Narita International Airport,Narita,JP,yes
NSI,Yaoundé Nsimalen International Airport,Yaoundé,CM,yes
NSK,Alykel International Airport,Norilsk,RU,yes
NTL,Newcastle Airport,Williamtown,AU,yes
NUE,Nuremberg Airport,Nuremberg,DE,yes
NUI,Nuiqsut Airport,Nuiqsut,US,yes
NUM,Neom Bay Airport,Sharma,SA,yes
NVA,Benito Salas Airport,Neiva,CO,yes
NVI,Navoi International Airport,Navoi,UZ,yes
NVT,Ministro Victor Konder International Airport,Navegantes,BR,yes
NWI,Norwich Airport,"Norwich, Norfolk",GB,yes
NYO,Stockholm Skavsta Airport,Nyköping,SE,yes
NYT,Nay Pyi Taw International Airport,Naypyitaw,MM,yes
OAJ,Albert J Ellis Airport,Richlands,US,yes
OAK,San Francisco Bay Oakland International Airport,Oakland,US,yes
OAX,Xoxocotlán International Airport,Oaxaca,MX,yes
OCE,Ocean City Municipal Airport,Ocean City,US,yes
OCS,Corisco International Airport,Corisco Island,GQ,yes
ODE,Odense Hans Christian Andersen Airport,Odense,DK,yes
OEC,Oecusse Route of the Sandalwood International Airport,Oecussi-Ambeno,TL,yes
OGD,Ogden Hinckley Airport,Ogden,US,yes
OGG,Kahului International Airport,Kahului,US,yes
OGS,Ogdensburg International Airport,Ogdensburg,US,yes
OHD,Ohrid St. Paul the Apostle Airport,Ohrid,MK,yes
OHS,Suhar International Airport,Suhar,OM,yes
OKA,Naha International Airport,Naha,JP,yes
OKC,OKC Will Rogers World Airport,Oklahoma City,US,yes
OKJ,Okayama Momotaro Airport,Okayama,JP,yes
OLB,Olbia Costa Smeralda Airport,Olbia (SS),IT,yes
OLF,L M Clayton Airport,Wolf Point,US,yes
OLM,Olympia Regional Airport,Olympia,US,yes
OMA,Eppley Airfield,Omaha,US,yes
OME,Nome Airport,Nome,US,yes
OMO,Mostar International Airport,Mostar,BA,yes
OMR,Oradea International Airport,Oradea,RO,yes
OMS,Omsk Central Airport,Omsk,RU,yes
ONT,Ontario International Airport,Ontario,US,yes
OOL,Gold Coast Airport,Gold Coast,AU,yes
OPF,Miami-Opa Locka Executive Airport,Miami,US,yes
OPO,Francisco de Sá Carneiro Airport,Porto,PT,yes
ORD,Chicago O'Hare International Airport,Chicago,US,yes
ORF,Norfolk International Airport,Norfolk,US,yes
ORH,Worcester Regional Airport,Worcester,US,yes
ORK,Cork International Airport,Cork,IE,yes
ORN,Oran Es-Sénia (Ahmed Ben Bella) International Airport,Es-Sénia,DZ,yes
ORT,Northway Airport,Northway,US,yes
ORU,Juan Mendoza International Airport,Oruro,BO,yes
ORY,Paris-Orly Airport,"Paris (Orly, Val-de-Marne)",FR,yes
OSL,Oslo-Gardermoen International Airport,Oslo (Gardermoen),NO,yes
OSR,Leoš Janáček Airport Ostrava,Mošnov,CZ,yes
OSS,Osh International Airport,Osh,KG,yes
OST,Ostend-Bruges International Airport,Oostende,BE,yes
OTH,Southwest Oregon Regional Airport,North Bend,US,yes
OTP,Bucharest Henri Coandă International Airport,Otopeni,RO,yes
OTZ,Ralph Wien Memorial Airport,Kotzebue,US,yes
OUA,Ouagadougou Thomas Sankara International Airport,Ouagadougou,BF,yes
OUD,Oujda Angads Airport,Ahl Angad,MA,yes
OUL,Oulu Airport,Oulu / Oulunsalo,FI,yes
OVB,Novosibirsk Tolmachevo Airport,Novosibirsk,RU,yes
OVD,Asturias Airport,Ranón,ES,yes
OWB,Owensboro Daviess County Airport,Owensboro,US,yes
OXB,Osvaldo Vieira International Airport,Bissau,GW,yes
OZG,Zagora Airport,Zagora,MA,yes
OZZ,Ouarzazate International Airport,Ouarzazate,MA,yes
PAD,Paderborn Lippstadt Airport,Büren,DE,yes
PAE,Seattle Paine Field International Airport,Everett,US,yes
PAH,Barkley Regional Airport,Paducah,US,yes
PAP,Toussaint Louverture International Airport,Port-au-Prince,HT,yes
PAZ,El Tajín National Airport,Poza Rica,MX,yes
PBC,Hermanos Serdán International Airport,Puebla,MX,yes
PBG,Plattsburgh International Airport,Plattsburgh,US,yes
PBH,Paro International Airport,Paro,BT,yes
PBI,Palm Beach International Airport,West Palm Beach,US,yes
PBM,Johan Adolf Pengel International Airport,Paramaribo,SR,yes
PCL,Cap FAP David Abenzur Rengifo International Airport,Pucallpa,PE,yes
PCR,German Olano Airport,Puerto Carreño,CO,yes
PDA,Obando Cesar Gaviria Trujillo Airport,Puerto Inírida,CO,yes
PDK,DeKalb Peachtree Airport,Atlanta,US,yes
PDL,João Paulo II Airport,Ponta Delgada,PT,yes
PDS,Piedras Negras International Airport,Piedras Negras,MX,yes
PDT,Eastern Oregon Regional Airport at Pendleton,Pendleton,US,yes
PDV,Plovdiv International Airport,Plovdiv,BG,yes
PDX,Portland International Airport,Portland,US,yes
PED,Pardubice Airport,Pardubice,CZ,yes
PEE,Perm International Airport,Perm,RU,yes
PEG,Perugia San Francesco d'Assisi – Umbria International Airport,Perugia (PG),IT,yes
PEI,Matecaña International Airport,Pereira,CO,yes
PEK,Beijing Capital International Airport,Beijing,CN,yes
PEN,Penang International Airport,Penang,MY,yes
PER,Perth International Airport,Perth,AU,yes
PEV,Pécs-Pogány International Airport,Pécs,HU,yes
PEW,Bacha Khan International Airport,Peshawar,PK,yes
PFO,Paphos International Airport,Paphos,CY,yes
PGA,Page Municipal Airport,Page,US,yes
PGD,Punta Gorda Airport,Punta Gorda,US,yes
PGV,Pitt-Greenville Airport,Greenville,US,yes
PHC,Port Harcourt International Airport,Port Harcourt,NG,yes
PHE,Port Hedland International Airport,Port Hedland,AU,yes
PHF,Newport News Williamsburg International Airport,Newport News,US,yes
PHH,Pokhara International Airport,Pokhara,NP,yes
PHL,Philadelphia International Airport,Philadelphia,US,yes
PHX,Phoenix Sky Harbor International Airport,Phoenix,US,yes
PIA,General Wayne A. Downing Peoria International Airport,Peoria,US,yes
PIB,Hattiesburg Laurel Regional Airport,Moselle,US,yes
PIE,St. Petersburg Clearwater International Airport,Pinellas Park,US,yes
PIH,Pocatello Regional Airport,Pocatello,US,yes
PIK,Glasgow Prestwick Airport,"Prestwick, South Ayrshire",GB,yes
PIR,Pierre Regional Airport,Pierre,US,yes
PIT,Pittsburgh International Airport,Pittsburgh,US,yes
PIZ,Point Lay LRRS Airport,Point Lay,US,yes
PKB,Mid Ohio Valley Regional Airport,Parkersburg (Williamstown),US,yes
PKC,Yelizovo Airport,Petropavlovsk-Kamchatsky,RU,yes
PKV,Princess Olga Pskov International Airport,Pskov,RU,yes
PKX,Beijing Daxing International Airport,Beijing,CN,yes
PKZ,Pakse International Airport,Pakse,LA,yes
PLN,Pellston Regional Airport of Emmet County Airport,Pellston,US,yes
PLQ,Palanga International Airport,Palanga,LT,yes
PLS,Providenciales International Airport,Providenciales,TC,yes
PLX,Semei International Airport,Semey,KZ,yes
PLZ,Chief Dawid Stuurman International Airport,Gqeberha (Port Elizabeth),ZA,yes
PMC,El Tepual International Airport,Puerto Montt,CL,yes
PMI,Palma de Mallorca Airport,Palma de Mallorca,ES,yes
PMO,Falcone–Borsellino Airport,Palermo,IT,yes
PMV,Del Caribe Santiago Mariño International Airport,Isla Margarita,VE,yes
PNA,Pamplona Airport,Pamplona,ES,yes
PNK,Supadio International Airport,Pontianak,ID,yes
PNQ,Pune International Airport,Pune,IN,yes
PNR,Antonio Agostinho-Neto International Airport,Pointe Noire,CG,yes
PNS,Pensacola International Airport,Pensacola,US,yes
POA,Porto Alegre-Salgado Filho International Airport,Porto Alegre,BR,yes
POG,Port Gentil International Airport,Port Gentil,GA,yes
POM,Port Moresby Jacksons International Airport,Port Moresby,PG,yes
POP,Gregorio Luperon International Airport,Puerto Plata,DO,yes
POS,Piarco International Airport,Port of Spain,TT,yes
POZ,Poznań-Ławica Airport,Poznań,PL,yes
PPG,Pago Pago International Airport,Pago Pago,AS,yes
PPK,Petropavl International Airport,Petropavl,KZ,yes
PPN,Guillermo León Valencia Airport,Popayán,CO,yes
PPS,Puerto Princesa International Airport / PAF Antonio Bautista Air Base,Puerto Princesa,PH,yes
PPT,Fa'a'ā International Airport,Papeete,PF,yes
PQC,Phú Quốc International Airport,Phu Quoc Island,VN,yes
PQI,Presque Isle International Airport,Presque Isle,US,yes
PRC,Prescott Regional Airport - Ernest A. Love Field,Prescott,US,yes
PRG,Václav Havel Airport Prague,Prague,CZ,yes
PRN,Priština Adem Jashari International Airport,Prishtina,XK,yes
PSA,Pisa International Airport,Pisa (PI),IT,yes
PSC,Tri Cities Airport,Pasco,US,yes
PSD,Port Said International Airport,Port Said,EG,yes
PSE,Mercedita International Airport,Ponce,PR,yes
PSG,Petersburg James A Johnson Airport,Petersburg,US,yes
PSM,Portsmouth International Airport at Pease,Portsmouth,US,yes
PSO,Antonio Nariño Airport,Chachagüí,CO,yes
PSP,Palm Springs International Airport,Palm Springs,US,yes
PSR,Abruzzo Airport,Pescara,IT,yes
PTG,Polokwane International Airport,Polokwane,ZA,yes
PTH,Port Heiden Airport,Port Heiden,US,yes
PTP,Maryse Condé International Airport,Pointe-à-Pitre,GP,yes
PTU,Platinum Airport,Platinum,US,yes
PTY,Tocumen International Airport,Tocumen,PA,yes
PUB,Pueblo Memorial Airport,Pueblo,US,yes
PUJ,Punta Cana International Airport,Punta Cana,DO,yes
PUQ,President Carlos Ibáñez International Airport,Punta Arenas,CL,yes
PUS,Gimhae International Airport,Busan,KR,yes
PUU,Tres De Mayo Airport,Puerto Asís,CO,yes
PUW,Pullman-Moscow Regional Airport,Pullman,US,yes
PUY,Pula Airport,Pula,HR,yes
PVA,El Embrujo Airport,Providencia,CO,yes
PVD,Rhode Island T. F. Green International Airport,Providence/Warwick,US,yes
PVG,Shanghai Pudong International Airport,Shanghai (Pudong),CN,yes
PVH,Governador Jorge Teixeira de Oliveira International Airport,Porto Velho,BR,yes
PVR,Puerto Vallarta International Airport,Puerto Vallarta,MX,yes
PVU,Provo Municipal Airport,Provo,US,yes
PWM,Portland International Jetport,Portland,US,yes
PWQ,Pavlodar International Airport,Pavlodar,KZ,yes
PXM,Puerto Escondido International Airport,Puerto Escondido,MX,yes
PYK,Payam International Airport,Karaj,IR,yes
PZO,General Manuel Carlos Piar International Airport,Guyana City,VE,yes
PZU,Port Sudan New International Airport,Port Sudan,SD,yes
QRO,Querétaro Intercontinental Airport,Querétaro,MX,yes
RAI,Nelson Mandela International Airport,Praia,CV,yes
RAK,Marrakesh Menara Airport,Marrakesh,MA,yes
RAP,Rapid City Regional Airport,Rapid City,US,yes
RAR,Rarotonga International Airport,Avarua,CK,yes
RBA,Rabat-Salé Airport,Rabat,MA,yes
RBR,Rio Branco-Plácido de Castro International Airport,Rio Branco,BR,yes
RBY,Ruby Airport,Ruby,US,yes
RCH,Almirante Padilla Airport,Riohacha,CO,yes
RDD,Redding Municipal Airport,Redding,US,yes
RDM,Roberts Field,Redmond,US,yes
RDU,Raleigh-Durham International Airport,Raleigh/Durham,US,yes
REC,Recife/Guararapes - Gilberto Freyre International Airport,Recife,BR,yes
RES,Resistencia International Airport,Resistencia,AR,yes
REU,Reus Airport,Reus,ES,yes
REX,General Lucio Blanco International Airport,Reynosa,MX,yes
RFD,Chicago Rockford International Airport,Chicago/Rockford,US,yes
RGL,Piloto Civil Norberto Fernández International Airport,Rio Gallegos,AR,yes
RGN,Yangon International Airport,Yangon,MM,yes
RHI,Rhinelander Oneida County Airport,Rhinelander,US,yes
RHO,"Rhodes International Airport ""Diagoras""",Rhodes,GR,yes
RIC,Richmond International Airport,Richmond,US,yes
RIW,Central Wyoming Regional Airport,Riverton,US,yes
RIX,Riga International Airport,Riga,LV,yes
RIY,Riyan International Airport,Mukalla(Riyan),YE,yes
RJK,Rijeka Airport,Rijeka(Omišalj),HR,yes
RKD,Knox County Regional Airport,Rockland,US,yes
RKS,Southwest Wyoming Regional Airport,Rock Springs,US,yes
RKT,Ras Al Khaimah International Airport,Ras Al Khaimah,AE,yes
RKZ,Xigaze Peace Airport / Shigatse Air Base,Xigazê (Samzhubzê),CN,yes
RMF,Marsa Alam International Airport,Marsa Alam,EG,yes
RMI,Federico Fellini International Airport,Rimini (RN),IT,yes
RML,Colombo Ratmalana International Airport,Colombo,LK,yes
RMO,Chişinău International Airport,Chişinău,MD,yes
RMQ,Taichung International Airport / Ching Chuang Kang Air Base,Taichung (Qingshui),TW,yes
RMU,Region of Murcia International Airport,Corvera,ES,yes
RNO,Reno Tahoe International Airport,Reno,US,yes
ROA,Roanoke–Blacksburg Regional Airport,Roanoke,US,yes
ROB,Roberts International Airport,Monrovia,LR,yes
ROC,Frederick Douglass Greater Rochester International Airport,Rochester,US,yes
ROP,Rota International Airport,Rota Island,MP,yes
ROR,Roman Tmetuchl International Airport,Babelthuap Island,PW,yes
ROS,Rosario Islas Malvinas International Airport,Rosario,AR,yes
ROV,Platov International Airport,Rostov-on-Don,RU,yes
ROW,Roswell Air Center Airport,Roswell,US,yes
RSI,Red Sea International Airport,Hanak,SA,yes
RST,Rochester International Airport,Rochester,US,yes
RSW,Southwest Florida International Airport,Fort Myers,US,yes
RTB,Juan Manuel Gálvez International Airport,Coxen Hole,HN,yes
RTM,Rotterdam The Hague Airport,Rotterdam,NL,yes
RUH,King Khalid International Airport,Riyadh,SA,yes
RUN,Roland Garros Airport,Sainte-Marie,RE,yes
RUT,Rutland - Southern Vermont Regional Airport,Rutland,US,yes
RVN,Rovaniemi Airport,Rovaniemi,FI,yes
RZE,Rzeszów-Jasionka Airport,Jasionka,PL,yes
RZV,Rize–Artvin Airport,Rize,TR,yes
SAF,Santa Fe Municipal Airport,Santa Fe,US,yes
SAG,Shirdi International Airport,Kakadi,IN,yes
SAH,Sanaa International Airport,Sanaa,YE,yes
SAI,Siem Reap-Angkor International Airport,Siem Reap,KH,yes
SAL,El Salvador International Airport Saint Óscar Arnulfo Romero y Galdámez,San Salvador (San Luis Talpa),SV,yes
SAN,San Diego International Airport,San Diego,US,yes
SAP,Ramón Villeda Morales International Airport,San Pedro Sula,HN,yes
SAT,San Antonio International Airport,San Antonio,US,yes
SAV,Savannah Hilton Head International Airport,Savannah,US,yes
SAW,Istanbul Sabiha Gökçen International Airport,"Pendik, Istanbul",TR,yes
SBA,Santa Barbara Municipal Airport,Santa Barbara,US,yes
SBD,San Bernardino International Airport,San Bernardino,US,yes
SBN,South Bend International Airport,South Bend,US,yes
SBP,San Luis County Regional Airport,San Luis Obispo,US,yes
SBY,Salisbury Ocean City Wicomico Regional Airport,Salisbury,US,yes
SBZ,Sibiu International Airport,Sibiu,RO,yes
SCC,Deadhorse Airport,Deadhorse,US,yes
SCE,State College Regional Airport,State College,US,yes
SCK,Stockton Metropolitan Airport,Stockton,US,yes
SCL,Comodoro Arturo Merino Benítez International Airport,Santiago,CL,yes
SCN,Saarbrücken Airport,Saarbrücken,DE,yes
SCO,Aktau International Airport,Aktau,KZ,yes
SCQ,Santiago-Rosalía de Castro Airport,Santiago de Compostela,ES,yes
SCR,Scandinavian Mountains Airport,Malung-Sälen,SE,yes
SCU,Antonio Maceo International Airport,Santiago,CU,yes
SCV,Suceava Ștefan cel Mare International Airport,Suceava,RO,yes
SDF,Louisville Muhammad Ali International Airport,Louisville,US,yes
SDJ,Sendai Airport,Natori,JP,yes
SDP,Sand Point Airport,Sand Point,US,yes
SDQ,Las Américas International Airport,Santo Domingo,DO,yes
SDR,Seve Ballesteros-Santander Airport,Santander,ES,yes
SDU,Santos Dumont Airport,Rio de Janeiro,BR,yes
SDY,Sidney - Richland Regional Airport,Sidney,US,yes
SEA,Seattle–Tacoma International Airport,Seattle,US,yes
SEN,London Southend Airport,"Southend-on-Sea, Essex",GB,yes
SEZ,Seychelles International Airport,Victoria,SC,yes
SFA,Sfax Thyna International Airport,Sfax,TN,yes
SFB,Orlando Sanford International Airport,Orlando,US,yes
SFO,San Francisco International Airport,San Francisco,US,yes
SFS,Subic Bay International Airport / Naval Air Station Cubi Point,Olongapo,PH,yes
SGC,Surgut International Airport,Surgut,RU,yes
SGF,Springfield Branson National Airport,Springfield,US,yes
SGN,Tan Son Nhat International Airport,Ho Chi Minh City,VN,yes
SGU,St George Regional Airport,St George,US,yes
SHA,Shanghai Hongqiao International Airport,Shanghai (Minhang),CN,yes
SHD,Shenandoah Valley Regional Airport,Weyers Cave,US,yes
SHE,Shenyang Taoxian International Airport,Shenyang,CN,yes
SHJ,Sharjah International Airport,Sharjah,AE,yes
SHO,King Mswati III International Airport,Mpaka,SZ,yes
SHR,Sheridan County Airport,Sheridan,US,yes
SHV,Shreveport Regional Airport,Shreveport,US,yes
SID,Amílcar Cabral International Airport,Espargos,CV,yes
SIG,Fernando Luis Ribas Dominicci Airport,San Juan,PR,yes
SIN,Singapore Changi Airport,Singapore,SG,yes
SIP,Simferopol International Airport,Simferopol,UA,yes
SIT,Sitka Rocky Gutierrez Airport,Sitka,US,yes
SJC,Norman Y. Mineta San Jose International Airport,San Jose,US,yes
SJD,Los Cabos International Airport,San José del Cabo,MX,yes
SJE,Jorge E. Gonzalez Torres Airport,San José Del Guaviare,CO,yes
SJJ,Sarajevo International Airport,Sarajevo,BA,yes
SJO,Juan Santamaría International Airport,San José (Alajuela),CR,yes
SJT,San Angelo Regional Mathis Field,San Angelo,US,yes
SJU,Luis Munoz Marin International Airport,San Juan,PR,yes
SJW,Shijiazhuang Zhengding International Airport,Shijiazhuang,CN,yes
SKB,Robert L. Bradshaw International Airport,Basseterre,KN,yes
SKD,Samarkand International Airport,Samarkand,UZ,yes
SKG,Thessaloniki Macedonia International Airport,Thessaloniki,GR,yes
SKO,Sadiq Abubakar III International Airport,Sokoto,NG,yes
SKP,Skopje International Airport,Ilinden,MK,yes
SKT,Sialkot International Airport,Sialkot,PK,yes
SKV,Saint Catherine International Airport,Saint Catherine,EG,yes
SKX,Saransk International Airport,Saransk,RU,yes
SLA,Martín Miguel de Güemes International Airport,Salta,AR,yes
SLC,Salt Lake City International Airport,Salt Lake City,US,yes
SLE,Salem-Willamette Valley Airport/McNary Field,Salem,US,yes
SLK,Adirondack Regional Airport,Saranac Lake,US,yes
SLL,Salalah International Airport,Salalah,OM,yes
SLM,Salamanca Airport,Salamanca,ES,yes
SLN,Salina Municipal Airport,Salina,US,yes
SLP,Ponciano Arriaga International Airport,San Luis Potosí,MX,yes
SLW,Plan De Guadalupe International Airport,Saltillo,MX,yes
SLZ,Marechal Cunha Machado International Airport,São Luís,BR,yes
SMF,Sacramento International Airport,Sacramento,US,yes
SMN,Lemhi County Airport,Salmon,US,yes
SMR,Simón Bolívar International Airport,Santa Marta,CO,yes
SMX,Santa Maria Public Airport Captain G Allan Hancock Field,Santa Maria,US,yes
SNA,John Wayne Orange County International Airport,Santa Ana,US,yes
SNC,General Ulpiano Paez International Airport,Salinas/La Libertad,EC,yes
SNN,Shannon Airport,Shannon,IE,yes
SNP,St Paul Island Airport,St Paul Island,US,yes
SNU,Abel Santamaria International Airport,Santa Clara,CU,yes
SOF,Sofia Airport,Sofia,BG,yes
SOU,Southampton Airport,Southampton,GB,yes
SOW,Show Low Regional Airport,Show Low,US,yes
SPC,La Palma Airport,"Sta Cruz de la Palma, La Palma Island",ES,yes
SPI,Abraham Lincoln Capital Airport,Springfield,US,yes
SPS,Wichita Falls Municipal Airport / Sheppard Air Force Base,Wichita Falls,US,yes
SPU,Split Saint Jerome Airport,Split,HR,yes
SPX,Sphinx International Airport,Al Jiza,EG,yes
SQL,San Carlos Airport,San Carlos,US,yes
SRE,Alcantarí International Airport,Sucre,BO,yes
SRG,Jenderal Ahmad Yani Airport,Semarang,ID,yes
SRQ,Sarasota Bradenton International Airport,Sarasota/Bradenton,US,yes
SSA,Deputado Luiz Eduardo Magalhães International Airport,Salvador,BR,yes
SSG,Malabo International Airport,Malabo,GQ,yes
SSH,Sharm El Sheikh International Airport,Sharm El Sheikh,EG,yes
STC,Saint Cloud Regional Airport,Saint Cloud,US,yes
STG,St George Airport,St George,US,yes
STI,Cibao International Airport,Santiago,DO,yes
STL,St. Louis Lambert International Airport,St Louis,US,yes
STN,London Stansted Airport,"London, Essex",GB,yes
STR,Stuttgart Airport,Stuttgart,DE,yes
STS,Charles M. Schulz Sonoma County Airport,Santa Rosa,US,yes
STT,Cyril E. King Airport,Charlotte Amalie,VI,yes
STV,Surat International Airport,Surat,IN,yes
SUB,Juanda International Airport,Surabaya,ID,yes
SUF,Lamezia Terme Sant'Eufemia International Airport,Lamezia Terme (CZ),IT,yes
SUN,Friedman Memorial Airport,Hailey,US,yes
SUV,Nausori International Airport,Nausori,FJ,yes
SUX,Sioux Gateway Airport / Brigadier General Bud Day Field,Sioux City,US,yes
SVA,Savoonga Airport,Savoonga,US,yes
SVC,Grant County Airport,Silver City,US,yes
SVD,Argyle International Airport,Kingstown,VC,yes
SVG,"Stavanger Airport, Sola",Stavanger,NO,yes
SVI,Eduardo Falla Solano Airport,San Vicente Del Caguán,CO,yes
SVO,Sheremetyevo International Airport,Moscow,RU,yes
SVQ,Seville Airport,Seville,ES,yes
SVX,Koltsovo Airport,Yekaterinburg,RU,yes
SWF,New York Stewart International Airport,Newburgh,US,yes
SWO,Stillwater Regional Airport,Stillwater,US,yes
SXB,Strasbourg Airport,Strasbourg,FR,yes
SXM,Princess Juliana International Airport,Sint Maarten,SX,yes
SXR,Sheikh ul Alam International Airport,Srinagar,IN,yes
SYD,Sydney Kingsford Smith International Airport,Sydney (Mascot),AU,yes
SYR,Syracuse Hancock International Airport,Syracuse,US,yes
SYX,Sanya Phoenix International Airport,Sanya (Tianya),CN,yes
SYY,Stornoway Airport,"Stornoway, Western Isles",GB,yes
SYZ,Shiraz Shahid Dastghaib International Airport,Shiraz,IR,yes
SZB,Sultan Abdul Aziz Shah International Airport,Subang,MY,yes
SZG,Salzburg Airport,Salzburg,AT,yes
SZX,Shenzhen Bao'an International Airport,Shenzhen,CN,yes
SZZ,Solidarity Szczecin–Goleniów Airport,Szczecin(Glewice),PL,yes
TAB,A.N.R. Robinson International Airport,Scarborough,TT,yes
TAE,Daegu International Airport,Daegu,KR,yes
TAK,Takamatsu Airport,Takamatsu,JP,yes
TAM,General Francisco Javier Mina International Airport,Ciudad Madero,MX,yes
TAO,Qingdao Jiaodong International Airport,Qingdao (Jiaozhou),CN,yes
TAP,Tapachula International Airport,Tapachula,MX,yes
TAS,Tashkent International Airport,Tashkent,UZ,yes
TBN,Waynesville-St. Robert Regional Airport-Forney Field,Fort Leonard Wood,US,yes
TBS,Tbilisi International Airport,Tbilisi,GE,yes
TBU,Fua'amotu International Airport,Nuku'alofa,TO,yes
TCO,La Florida Airport,Tumaco,CO,yes
TCP,Taba International Airport,Taba,EG,yes
TEB,Teterboro Airport,Teterboro,US,yes
TET,Tete Airport,Tete,MZ,yes
TEX,Telluride Regional Airport,Telluride,US,yes
TFN,Tenerife Norte-Ciudad de La Laguna Airport,Tenerife,ES,yes
TFS,Tenerife Sur Airport,Tenerife,ES,yes
TFU,Chengdu Tianfu International Airport,Chengdu (Jianyang),CN,yes
TGD,Podgorica Airport / Podgorica Golubovci Airbase,Podgorica,ME,yes
TGZ,Angel Albino Corzo International Airport,Tuxtla Gutiérrez,MX,yes
THR,Mehrabad International Airport,Tehran,IR,yes
TIA,Tirana International Airport Mother Teresa,Rinas,AL,yes
TIF,Taif International Airport,Taif,SA,yes
TIJ,General Abelardo L. Rodriguez International Airport,Tijuana,MX,yes
TIQ,Tinian International Airport,Tinian Island,MP,yes
TIR,Tirupati International Airport,Tirupati,IN,yes
TIW,Tacoma Narrows Airport,Tacoma,US,yes
TJM,Roshchino International Airport,Tyumen,RU,yes
TKF,Truckee Tahoe Airport,Truckee,US,yes
TKK,Chuuk International Airport,Weno Island,FM,yes
TKS,Tokushima Awaodori Airport / JMSDF Tokushima Air Base,Tokushima,JP,yes
TKU,Turku Airport,Turku,FI,yes
TLC,Adolfo López Mateos International Airport,Toluca,MX,yes
TLH,Tallahassee International Airport,Tallahassee,US,yes
TLL,Lennart Meri Tallinn Airport,Tallinn,EE,yes
TLM,Zenata – Messali El Hadj Airport,Zenata,DZ,yes
TLS,Toulouse-Blagnac Airport,Toulouse/Blagnac,FR,yes
TLV,Ben Gurion International Airport,Tel Aviv,IL,yes
TME,Gustavo Vargas Airport,Tame,CO,yes
TML,Yakubu Tali International Airport,Tamale,GH,yes
TMM,Toamasina Ambalamanasy Airport,Toamasina,MG,yes
TMP,Tampere-Pirkkala Airport,Tampere / Pirkkala,FI,yes
TMR,Aguenar – Hadj Bey Akhamok Airport,Tamanrasset,DZ,yes
TMS,São Tomé International Airport,São Tomé,ST,yes
TNA,Jinan Yaoqiang International Airport,Jinan (Licheng),CN,yes
TNG,Tangier Ibn Battuta Airport,Tangier,MA,yes
TNN,Tainan International Airport / Tainan Air Base,Tainan (Rende),TW,yes
TNR,Ivato International Airport,Antananarivo,MG,yes
TOF,Tomsk Kamov Airport,Tomsk,RU,yes
TOL,Eugene F. Kranz Toledo Express Airport,Toledo,US,yes
TOM,Tombouktou Airport,Timbuktu,ML,yes
TOS,Tromsø Airport,Tromsø,NO,yes
TPA,Tampa International Airport,Tampa,US,yes
TPE,Taiwan Taoyuan International Airport,Taoyuan,TW,yes
TPQ,Amado Nervo National Airport,Tepic,MX,yes
TQO,Felipe Carrillo Puerto International Airport Tulum,Tulum,MX,yes
TRC,Francisco Sarabia Tinoco International Airport,Torreón,MX,yes
TRD,"Trondheim Airport, Værnes",Trondheim,NO,yes
TRE,Tiree Airport,"Balemartine, Argyll and Bute",GB,yes
TRF,"Sandefjord Airport, Torp",Sandefjord(Torp),NO,yes
TRI,Tri-Cities Regional TN/VA Airport,Blountville,US,yes
TRN,Turin Airport,Caselle Torinese (TO),IT,yes
TRS,Trieste Airport,Ronchi dei Legionari/Trieste,IT,yes
TRU,Capitán FAP Carlos Martínez de Pinillos International Airport,Trujillo,PE,yes
TRV,Thiruvananthapuram International Airport,Thiruvananthapuram,IN,yes
TRW,Bonriki International Airport,South Tarawa,KI,yes
TRZ,Tiruchirappalli International Airport,Tiruchirappalli,IN,yes
TSA,Taipei Songshan International Airport,Taipei (Songshan),TW,yes
TSF,Treviso Airport,Treviso (TV),IT,yes
TSM,Taos Regional Airport,Taos,US,yes
TSN,Tianjin Binhai International Airport,Tianjin,CN,yes
TSR,Timișoara Traian Vuia International Airport,Timişoara,RO,yes
TTN,Trenton Mercer Airport,Ewing Township,US,yes
TTU,Sania Ramel Airport,Tétouan,MA,yes
TUC,Teniente Benjamín Matienzo International Airport,San Miguel de Tucumán,AR,yes
TUK,Turbat International Airport,Turbat,PK,yes
TUL,Tulsa International Airport,Tulsa,US,yes
TUN,Tunis Carthage International Airport,Tunis,TN,yes
TUP,Tupelo Regional Airport,Tupelo,US,yes
TUS,Tucson International Airport,Tucson,US,yes
TUU,Prince Sultan bin Abdulaziz International Airport,Tabuk,SA,yes
TVC,Cherry Capital Airport,Traverse City,US,yes
TVF,Thief River Falls Regional Airport,Thief River Falls,US,yes
TWF,Joslin Field Magic Valley Regional Airport,Twin Falls,US,yes
TXK,Texarkana Regional Airport (Webb Field),Texarkana,US,yes
TXN,Huangshan Tunxi International Airport,Huangshan,CN,yes
TYN,Taiyuan Wusu International Airport,Taiyuan,CN,yes
TYR,Tyler Pounds Regional Airport,Tyler,US,yes
TYS,McGhee Tyson Airport,Knoxville/Maryville,US,yes
TZL,Tuzla International Airport,Dubrave Gornje,BA,yes
UBN,Ulaanbaatar Chinggis Khaan International Airport,Ulaanbaatar (Sergelen),MN,yes
UDJ,Uzhhorod International Airport,Uzhhorod,UA,yes
UET,Quetta International Airport,Quetta,PK,yes
UFA,Ufa International Airport,Ufa,RU,yes
UGC,Urgench International Airport,Urgench,UZ,yes
UIB,El Caraño Airport,Quibdó,CO,yes
UIN,Quincy Regional Airport Baldwin Field,Quincy,US,yes
UIO,Mariscal Sucre International Airport,Quito,EC,yes
UKB,Kobe Airport,Kobe,JP,yes
UKK,Oskemen International Airport,Ust-Kamenogorsk (Oskemen),KZ,yes
ULV,Ulyanovsk Baratayevka Airport,Ulyanovsk,RU,yes
UME,Umeå Airport,Umeå,SE,yes
UNK,Unalakleet Airport,Unalakleet,US,yes
UPG,Sultan Hasanuddin International Airport,Makassar,ID,yes
UPN,Uruapan - Licenciado y General Ignacio Lopez Rayon International Airport,Uruapan,MX,yes
URA,Manshuk Mametova International Airport,Uralsk,KZ,yes
URC,Ürümqi Tianshan International Airport,Ürümqi,CN,yes
USA,Concord-Padgett Regional Airport,Concord,US,yes
USM,Samui International Airport,Na Thon (Ko Samui Island),TH,yes
UST,Northeast Florida Regional Airport,St Augustine,US,yes
UTH,Udon Thani International Airport,Udon Thani,TH,yes
UTN,Upington International Airport,Upington,ZA,yes
UTO,Indian Mountain LRRS Airport,Utopia Creek,US,yes
UTP,U-Tapao–Rayong–Pattaya International Airport,Rayong,TH,yes
UUD,Baikal International Airport,Ulan Ude,RU,yes
UUS,Yuzhno-Sakhalinsk International Airport,Yuzhno-Sakhalinsk,RU,yes
UVF,Hewanorra International Airport,Vieux Fort,LC,yes
VAA,Vaasa Airport,Vaasa,FI,yes
VAR,Varna Airport,Varna,BG,yes
VAV,Vava'u International Airport,Vava'u Island,TO,yes
VBY,Visby Airport,Visby,SE,yes
VCA,Can Tho International Airport,Can Tho,VN,yes
VCE,Venice Marco Polo Airport,Venezia (VE),IT,yes
VCP,Viracopos International Airport,Campinas,BR,yes
VCT,Victoria Regional Airport,Victoria,US,yes
VDE,El Hierro Airport,El Hierro Island,ES,yes
VDZ,Valdez Pioneer Field,Valdez,US,yes
VEL,Vernal Regional Airport,Vernal,US,yes
VER,General Heriberto Jara International Airport,Veracruz,MX,yes
VFA,Victoria Falls International Airport,Victoria Falls,ZW,yes
VGA,Vijayawada International Airport,Vijayawada,IN,yes
VGO,Vigo Airport,Vigo,ES,yes
VIE,Vienna International Airport,Vienna,AT,yes
VIL,Dakhla Airport,Dakhla,EH,yes
VIT,Vitoria Airport,Alava,ES,yes
VIX,Eurico de Aguiar Salles International Airport,Vitória,BR,yes
VKO,Vnukovo International Airport,Moscow,RU,yes
VLC,Valencia Airport,Valencia,ES,yes
VLD,Valdosta Regional Airport,Valdosta,US,yes
VLI,Bauerfield International Airport,Port Vila,VU,yes
VLL,Valladolid Airport,Valladolid,ES,yes
VLN,Arturo Michelena International Airport,Valencia,VE,yes
VNO,Vilnius International Airport,Vilnius,LT,yes
VNS,Lal Bahadur Shastri International Airport,Varanasi,IN,yes
VOG,Volgograd International Airport,Volgograd,RU,yes
VOZ,Voronezh International Airport,Voronezh,RU,yes
VPS,Destin-Fort Walton Beach Airport,Valparaiso,US,yes
VQS,Antonio Rivera Rodriguez Airport,Vieques,PR,yes
VRA,Juan Gualberto Gomez International Airport,Matanzas,CU,yes
VRB,Vero Beach Regional Airport,Vero Beach,US,yes
VRN,Verona Villafranca Valerio Catullo Airport,Caselle (VR),IT,yes
VSA,Carlos Rovirosa Pérez International Airport,Villahermosa,MX,yes
VST,Stockholm Västerås Airport,Stockholm / Västerås,SE,yes
VTE,Wattay International Airport,Vientiane,LA,yes
VTZ,Visakhapatnam International Airport,Visakhapatnam,IN,yes
VUP,Alfonso López Pumarejo Airport,Valledupar,CO,yes
VVC,Vanguardia Airport,Villavicencio,CO,yes
VVI,Viru Viru International Airport,Santa Cruz,BO,yes
VVO,Vladivostok International Airport,Artyom,RU,yes
VXE,Cesaria Evora International Airport,São Pedro,CV,yes
WAW,Warsaw Chopin Airport,Warsaw,PL,yes
WDH,Hosea Kutako International Airport,Windhoek,NA,yes
WIC,Wick John O'Groats Airport,Wick,GB,yes
WKK,Aleknagik / New Airport,Aleknagik,US,yes
WLG,Wellington International Airport,Wellington,NZ,yes
WLS,Hihifo Airport,Wallis Island,WF,yes
WMI,Warsaw Modlin Airport,Nowy Dwór Mazowiecki,PL,yes
WNZ,Wenzhou Longwan International Airport,Wenzhou (Longwan),CN,yes
WRG,Wrangell Airport,Wrangell,US,yes
WRO,Copernicus Wrocław Airport,Wrocław,PL,yes
WST,Westerly State Airport,Westerly,US,yes
WTB,Toowoomba Wellcamp Airport,Toowoomba,AU,yes
WUH,Wuhan Tianhe International Airport,Wuhan (Huangpi),CN,yes
WUX,Sunan Shuofang International Airport,Wuxi,CN,yes
WVB,Walvis Bay International Airport,Walvis Bay(Rooikop),NA,yes
WYS,Yellowstone Airport,West Yellowstone,US,yes
XBJ,Birjand International Airport,Birjand,IR,yes
XCH,Christmas Island International Airport,Flying Fish Cove,CX,yes
XIY,Xi'an Xianyang International Airport,Xianyang (Weicheng),CN,yes
XMN,Xiamen Gaoqi International Airport,Xiamen,CN,yes
XNA,Northwest Arkansas National Airport,Fayetteville/Springdale/Rogers,US,yes
XNN,Xining Caojiabao International Airport,Haidong (Huzhu Tu Autonomous County),CN,yes
XPL,Palmerola International Airport,Palmerola,HN,yes
XRY,Jerez Airport,Jerez de la Frontera,ES,yes
XWA,Williston Basin International Airport,Williston,US,yes
YAK,Yakutat Airport,Yakutat,US,yes
YAP,Yap International Airport,Yap Island,FM,yes
YCU,Yuncheng Yanhu International Airport,Yuncheng (Yanhu),CN,yes
YEG,Edmonton International Airport,Edmonton,CA,yes
YHZ,Halifax / Stanfield International Airport,Halifax,CA,yes
YIW,Yiwu Airport,Yiwu/Jinhua,CN,yes
YKM,Yakima Air Terminal McAllister Field,Yakima,US,yes
YKS,Platon Oyunsky Yakutsk International Airport,Yakutsk,RU,yes
YLW,Kelowna International Airport,Kelowna,CA,yes
YNB,Prince Abdulmohsen Bin Abdulaziz International Airport,Yanbu,SA,yes
YNT,Yantai Penglai International Airport,Yantai,CN,yes
YNY,Yangyang International Airport,Gonghang-ro,KR,yes
YNZ,Yancheng Nanyang International Airport,Yancheng (Tinghu),CN,yes
YOW,Ottawa Macdonald-Cartier International Airport,Ottawa,CA,yes
YQB,Quebec Jean Lesage International Airport,Quebec,CA,yes
YUL,Montreal / Pierre Elliott Trudeau International Airport,Montréal,CA,yes
YUM,Yuma International Airport / Marine Corps Air Station Yuma,Yuma,US,yes
YVR,Vancouver International Airport,Vancouver,CA,yes
YWG,Winnipeg / James Armstrong Richardson International Airport,Winnipeg,CA,yes
YXE,Saskatoon John G. Diefenbaker International Airport,Saskatoon,CA,yes
YYC,Calgary International Airport,Calgary,CA,yes
YYJ,Victoria International Airport,Victoria,CA,yes
YYT,St. John's International Airport,St. John's,CA,yes
YYZ,Toronto Pearson International Airport,Toronto,CA,yes
ZAD,Zadar Airport,Zadar,HR,yes
ZAG,Zagreb Franjo Tuđman International Airport,Velika Gorica,HR,yes
ZAH,Zahedan International Airport,Zahedan,IR,yes
ZAM,Zamboanga International Airport,Zamboanga,PH,yes
ZAZ,Zaragoza Airport,Zaragoza,ES,yes
ZCL,General Leobardo C. Ruiz International Airport,Zacatecas,MX,yes
ZCO,La Araucanía International Airport,Temuco,CL,yes
ZHA,Zhanjiang Wuchuan International Airport,Zhanjiang,CN,yes
ZIA,Zhukovsky International Airport,Moscow,RU,yes
ZIH,Ixtapa-Zihuatanejo International Airport,Ixtapa,MX,yes
ZLO,Playa de Oro International Airport,Manzanillo,MX,yes
ZNZ,Abeid Amani Karume International Airport,Zanzibar,TZ,yes
ZQN,Queenstown Airport,Queenstown,NZ,yes
ZRH,Zürich Airport,Zurich,CH,yes
ZSA,San Salvador International Airport,San Salvador,BS,yes
ZSE,Saint-Pierre Pierrefonds Airport,Saint-Pierre,RE,yes
ZYL,Osmany International Airport,Sylhet,BD,yes
